ClaimAmount,CustomerAge,PolicyYears,AccidentSeverity,NumberOfClaims,VehicleAge,PremiumAmount,Fraudulent
27776,68,12,1,3,7,1677,0
2224,31,12,0,1,17,1725,0
7051,52,2,0,1,10,1892,1
8368,26,1,2,1,7,1555,1
1921,28,9,0,3,6,1972,0
3036,54,15,0,1,10,1366,0
6025,42,6,2,1,11,1637,0
5670,18,1,1,4,5,1693,1
17417,37,12,0,2,12,1688,0
5165,44,8,1,5,11,2160,1
1515,53,6,1,1,9,1067,0
4620,45,7,0,1,7,1644,0
17053,66,3,1,1,13,1510,0
1015,18,1,1,2,18,2273,1
6266,29,3,0,1,10,1711,1
693,58,13,0,2,6,1505,0
12726,59,4,0,2,11,2049,0
6766,58,2,2,1,10,1610,1
2828,21,1,1,2,12,1557,1
2351,25,1,1,1,16,2088,0
963,52,13,0,1,15,1521,0
2354,18,1,0,1,14,1663,0
3980,57,11,0,2,12,1833,0
3410,45,9,0,2,6,1706,0
7935,49,1,0,2,2,1443,0
3178,23,2,2,1,9,1572,1
4687,41,8,1,1,7,1583,0
9181,56,12,1,1,7,1722,0
5340,41,9,0,2,18,2083,0
3691,79,13,0,1,12,2016,0
3133,23,4,0,3,17,2216,0
9386,43,1,1,3,11,2070,1
1691,65,7,0,3,6,2007,0
5343,33,10,0,1,11,1762,0
6428,47,14,0,1,7,1444,0
802,29,7,2,2,11,1747,0
12762,37,5,1,1,12,1525,0
6511,38,13,2,4,9,1793,1
5382,60,1,2,1,6,1571,1
3606,18,1,0,1,7,1618,0
17591,55,11,0,2,4,1710,0
5695,56,10,0,1,10,1775,0
18415,41,6,0,1,3,1586,0
761,80,14,0,1,12,1850,0
6627,39,3,0,1,5,1641,0
1508,35,15,1,1,13,1536,0
8193,54,3,1,1,9,1982,0
2169,26,5,1,1,9,1395,0
3761,34,12,1,1,9,1796,0
1596,48,1,0,5,6,1917,0
829,45,4,1,1,12,1720,1
12165,54,14,2,1,10,1703,0
1426,63,15,2,1,10,1604,0
6547,46,7,1,1,4,1413,0
3528,26,3,2,3,11,1792,1
1936,39,5,0,2,13,1635,0
5677,33,12,1,1,9,1644,0
3862,52,5,0,3,7,1896,0
2424,68,10,2,3,9,1885,0
3203,57,10,1,1,14,1948,0
8523,39,1,2,2,11,1628,0
11196,18,1,0,1,6,1215,0
2962,75,15,0,2,11,2001,0
3294,36,7,0,1,15,1958,0
3613,57,7,0,1,12,1875,0
3022,23,1,0,2,7,1509,0
6866,46,11,0,3,12,1880,0
3391,52,8,1,1,9,1385,0
3535,72,13,1,2,8,1827,0
1391,34,12,1,3,11,1822,0
13607,48,10,1,1,8,1295,0
5910,61,1,0,4,4,1696,1
6795,59,4,1,3,19,2157,1
3567,34,2,2,3,11,1825,1
14190,18,1,1,2,8,1648,0
2427,57,10,0,2,3,1676,0
6618,43,2,0,2,16,2116,0
6097,42,10,0,1,14,1712,0
6798,25,4,0,1,14,1515,0
4661,44,12,0,3,21,2169,0
1307,45,13,2,2,10,1821,0
1221,54,5,0,1,9,1677,0
10372,40,9,2,2,12,1845,1
11093,55,10,0,1,18,2077,0
3432,43,7,2,3,4,1477,1
4497,39,5,0,1,14,2025,0
2276,40,12,0,1,12,2006,0
1046,49,12,0,1,16,1580,0
4463,36,7,0,1,7,1324,0
4677,51,1,2,1,11,2140,0
9423,56,14,1,1,7,1661,0
2866,54,12,0,4,11,2085,0
11104,19,1,0,1,16,2195,1
10201,47,12,1,1,15,1948,0
2826,65,9,0,1,3,1398,0
12109,30,5,0,1,12,1637,0
4673,54,4,1,1,15,1273,0
5503,49,14,0,1,3,1503,0
4186,55,3,0,2,7,1624,0
3385,44,15,0,2,13,1831,0
14504,35,14,0,4,10,2051,0
10969,23,2,0,1,11,1636,1
1880,56,13,0,2,10,1719,0
10639,33,9,0,3,8,1701,0
2084,24,1,0,1,13,1638,0
7109,69,1,0,2,13,2079,0
3628,38,12,1,1,8,1321,0
10937,42,2,1,1,13,1665,1
2368,39,10,0,1,11,1518,0
1200,47,10,0,1,15,1594,0
6554,49,5,1,3,12,1645,0
6059,47,2,2,1,16,1697,0
2593,60,8,1,3,15,1920,1
12075,52,14,0,1,8,1954,0
9151,45,11,0,3,11,1584,0
2503,23,2,1,2,8,1570,1
3058,48,8,2,2,12,1884,0
4314,23,2,1,1,10,1223,0
13190,31,8,0,1,15,1906,0
16138,58,7,0,5,13,2488,0
6514,18,1,2,3,11,2122,1
4978,59,3,2,1,22,2038,1
2129,46,12,0,1,10,1636,0
11933,49,9,1,2,9,1797,0
1791,55,15,2,2,13,2183,0
24377,37,9,1,2,11,1951,0
3990,43,2,0,3,9,2050,0
4810,18,1,0,2,7,1552,0
4435,20,1,1,4,14,2030,1
28795,61,4,1,1,7,1594,0
3311,36,4,0,1,14,1652,0
7175,44,13,0,1,12,1922,0
5455,38,12,0,1,10,1620,0
3393,76,15,0,1,8,1435,0
9625,18,1,0,1,8,1404,1
2614,56,15,0,2,16,2233,0
5446,56,9,1,1,17,1758,0
3724,39,15,1,2,11,1532,0
15158,56,7,0,3,18,2401,0
11051,43,10,0,5,15,2212,0
14296,28,4,0,1,13,2044,1
2925,61,15,1,1,17,1845,0
10852,60,8,1,1,11,1508,0
17203,40,8,0,1,14,1873,1
8675,44,9,1,1,3,942,1
28599,51,2,0,4,11,2222,0
36690,73,8,2,1,13,1724,1
2157,36,11,0,1,9,1283,0
5754,20,1,1,3,11,1917,1
4331,68,9,1,1,11,1504,0
3089,55,2,0,4,18,2323,0
4054,39,14,0,1,4,1392,0
6044,33,7,0,2,4,1289,1
2488,52,1,2,2,9,1879,0
6805,48,1,2,2,14,2112,1
3560,59,12,1,1,12,1723,0
1711,43,7,1,3,13,2145,0
11263,52,7,0,1,8,1884,0
13005,78,13,0,2,10,1789,0
7471,38,9,1,1,7,1599,0
2920,80,7,0,1,6,1450,0
12564,54,9,1,2,9,1901,0
4197,52,10,0,1,15,1540,0
6805,44,2,0,1,9,1753,0
3255,75,14,0,1,6,1854,0
26542,31,6,2,2,18,1807,1
9569,41,11,2,2,12,1742,0
11938,60,14,0,1,13,2122,0
6678,44,11,0,1,4,1838,0
5711,56,7,2,3,7,1450,1
19104,37,5,2,1,15,1730,1
1690,50,5,0,1,9,1593,0
4939,48,15,1,1,10,1357,0
2119,18,1,1,2,3,1853,0
2426,52,10,1,1,8,1572,0
6257,69,12,1,4,7,1949,0
5445,26,2,2,1,7,1444,0
5319,54,8,0,1,8,1713,0
3226,43,8,0,1,8,1427,0
10767,39,15,2,2,1,1729,0
17711,42,2,0,1,8,1612,0
22474,67,13,2,1,9,1628,0
6480,70,9,0,4,13,2366,1
2860,21,1,2,2,15,1627,1
1261,39,4,1,2,13,2250,0
1077,36,7,0,1,14,1895,0
3219,40,8,1,1,6,1219,0
1827,48,3,0,1,10,1972,0
26814,53,15,1,2,12,1961,0
4193,59,12,0,2,5,1715,0
921,43,5,0,3,9,2111,0
1361,31,7,0,2,9,1778,0
3673,33,8,0,1,8,1415,0
1070,21,1,1,2,3,1636,1
7062,59,5,0,3,11,2166,0
5730,18,1,1,1,10,1532,0
1716,61,13,0,1,13,1458,0
2722,64,10,0,1,14,1889,0
2238,34,1,2,2,9,1915,1
13580,25,3,0,1,13,1682,1
12703,35,1,1,1,13,1768,1
7114,58,10,0,1,5,1351,0
15182,55,6,1,4,11,2180,0
1318,31,3,0,3,11,1900,0
7250,40,11,0,2,10,1558,0
2819,37,12,0,1,12,1506,0
5995,28,4,2,3,16,1978,1
30873,50,8,0,1,10,1679,0
3354,48,14,1,2,7,1306,0
14611,32,12,0,1,13,1677,0
3733,43,5,1,1,11,1522,0
4668,28,7,0,1,13,1495,0
2354,43,3,0,4,7,1974,0
14383,30,9,1,2,15,1660,0
1772,43,10,0,2,10,1789,0
3383,50,14,0,4,17,2600,0
3264,32,5,2,2,9,2036,0
3023,36,12,0,1,8,1400,0
4580,32,10,0,5,12,2296,0
3116,59,1,0,1,8,1496,0
1390,43,10,2,3,7,1951,0
3667,49,5,2,2,17,1849,0
3870,59,7,0,2,7,1969,0
2245,35,3,0,1,11,1237,0
6314,63,13,0,1,9,1747,0
2209,20,1,0,2,9,1866,0
2704,18,1,1,4,16,2170,1
6341,32,3,1,1,7,1640,0
3155,51,9,0,2,19,2206,0
4014,43,13,1,1,12,1734,0
2156,51,13,0,1,6,1778,0
17865,38,5,0,1,14,1951,0
1513,47,8,0,3,6,1839,0
9693,62,7,1,1,4,1621,0
3824,49,10,1,1,12,1738,0
3930,67,11,1,1,12,1561,0
31975,28,6,1,2,12,1926,1
2930,42,8,2,4,13,2259,1
6300,21,1,0,3,22,2237,0
6210,57,11,0,2,11,1864,0
5728,35,1,1,1,6,1391,1
2288,30,2,1,4,16,2637,1
27517,40,15,1,1,14,1653,0
4096,28,8,2,2,18,2149,0
5667,42,5,0,2,10,1862,0
5151,65,10,0,1,10,1781,0
2294,56,3,0,1,16,2031,0
2179,47,11,0,2,11,1782,0
11755,45,5,2,2,9,1774,0
4800,48,15,0,2,6,1736,0
2847,48,4,0,1,15,1965,1
5114,33,6,2,1,7,1333,0
6410,32,7,2,1,4,1197,0
12840,39,1,0,1,7,1236,1
12638,39,5,1,1,10,1749,1
1258,40,3,0,3,15,2262,0
6157,63,8,0,1,12,1628,0
6917,48,13,0,3,12,1839,0
3882,35,8,1,2,9,1990,0
5471,53,13,1,4,12,2652,0
8812,30,10,2,1,2,1539,0
2248,36,6,0,1,2,1171,0
11751,46,4,0,3,11,1930,1
3216,40,2,2,1,11,1961,1
14138,24,3,0,2,10,2059,0
3312,54,6,1,3,8,1916,0
7518,33,1,2,1,10,1949,0
20967,47,10,0,1,6,1544,0
4846,48,9,0,1,18,2162,0
20235,46,2,1,2,18,1947,0
3194,42,7,0,1,6,1699,0
6974,55,12,1,2,17,2081,0
3054,40,15,2,2,12,1799,0
3278,44,13,1,1,13,1710,0
5845,57,6,1,1,11,1610,0
11042,57,6,1,3,5,1674,0
3680,45,8,1,1,11,1529,0
1853,35,1,2,1,14,1959,1
6618,71,14,2,1,8,1587,0
2491,68,14,1,1,10,1565,0
4500,63,6,1,2,14,1917,0
1037,35,14,0,1,13,1561,0
12153,62,2,0,1,13,1622,0
1621,20,1,1,1,3,1187,0
6122,26,7,1,1,15,1565,0
17060,25,6,1,2,9,1624,1
6054,35,6,1,2,12,1733,0
2704,46,5,0,1,9,1596,0
5240,48,7,0,1,16,1858,0
2454,40,3,0,1,10,1648,1
4101,66,8,1,1,8,1400,0
3922,44,9,0,1,5,1055,0
1941,44,2,0,1,5,1325,0
3343,67,10,2,1,7,1365,0
7386,33,9,0,1,15,1801,0
2065,56,6,1,1,18,1970,0
9098,18,1,1,1,10,1476,1
27429,65,4,0,1,11,1915,0
5003,43,1,1,1,12,2044,0
20704,52,15,2,1,11,1348,1
3711,59,7,0,1,6,1613,0
2696,69,7,0,1,8,1717,0
11847,36,12,1,2,8,1621,0
3691,35,12,1,1,6,1560,0
4252,54,2,0,1,3,1295,0
3577,58,15,2,2,4,1643,0
10215,68,3,0,4,3,1855,0
3900,24,3,1,1,10,1327,0
5824,41,6,1,2,14,1678,0
1806,64,3,2,1,9,1624,1
9829,40,9,0,1,3,1195,0
5119,45,14,0,2,6,1480,0
4957,18,1,0,3,5,1709,0
558,44,10,0,1,15,1990,0
3405,39,5,1,1,11,1794,0
5405,59,9,0,4,6,2030,0
8176,53,14,1,1,10,1443,0
541,50,6,0,1,11,1583,0
4905,55,2,0,3,10,2000,0
3614,43,2,0,2,14,2146,0
5858,45,14,1,1,17,1810,0
1686,25,6,1,1,1,1226,0
5386,38,14,1,2,7,1558,0
19675,38,12,0,3,12,1824,0
1040,55,5,1,1,7,1679,1
21381,32,13,0,1,16,1655,0
5969,76,7,0,3,7,1603,0
6623,64,3,0,2,5,1278,0
8402,46,8,0,1,2,1771,0
7665,36,4,0,1,15,1933,0
5988,66,11,0,2,7,1827,0
7664,60,11,1,2,7,2008,0
16393,58,4,0,2,13,1954,0
508,31,1,2,2,17,1850,1
15837,38,11,1,2,18,2246,0
2609,45,13,1,1,11,1679,0
2736,38,13,0,1,11,1582,0
4823,18,1,1,2,8,1644,0
6732,59,4,0,1,9,1369,0
4057,46,12,1,1,24,2215,0
1061,48,10,1,1,14,1744,0
3953,37,1,0,1,19,1683,0
11606,47,8,0,1,11,1598,0
10943,54,12,0,2,14,2132,0
677,65,15,1,1,10,1815,0
29080,46,4,1,1,5,1770,0
6589,39,8,0,2,16,1901,0
6532,33,13,0,1,11,2044,0
8476,48,4,1,1,7,1512,0
3326,30,6,0,1,12,1742,0
8056,50,3,0,4,11,2420,0
6757,18,1,0,1,11,1795,0
5154,33,3,1,2,14,1999,0
3243,49,14,0,3,13,2284,0
6364,37,12,0,1,11,1445,0
2230,44,1,1,1,1,1017,1
6194,36,1,0,2,3,1426,0
1613,75,12,1,2,13,1985,0
5235,53,10,0,1,8,1582,0
6295,33,7,0,2,14,2088,0
4278,52,4,0,1,13,1669,0
9793,59,3,1,3,9,2050,1
3169,35,14,2,4,11,2255,0
14816,36,12,2,1,11,1490,0
5733,36,4,1,1,3,1895,0
5153,36,13,1,1,12,1347,0
5273,23,4,2,1,8,1792,0
1008,72,6,0,1,7,1423,0
804,24,4,0,2,2,1617,0
1853,51,13,1,2,5,1396,0
1198,25,4,0,1,8,1711,0
4939,43,15,2,2,11,2131,0
18486,49,10,0,2,8,1810,0
4191,27,1,1,1,7,1340,0
1317,25,1,0,1,11,1571,0
1034,42,2,1,1,12,1815,1
2887,36,8,0,2,10,1864,0
4754,49,15,0,1,11,1528,0
11519,31,2,2,1,7,1768,0
3780,63,14,0,1,12,1705,0
2540,29,9,0,2,4,1295,0
2844,37,14,0,3,4,1721,0
4433,62,2,2,1,12,1702,1
5371,48,8,0,1,17,2238,0
6649,31,12,1,4,8,2165,0
39518,65,4,2,1,15,1663,1
8520,36,9,1,1,6,1792,0
25871,22,3,0,1,9,1769,0
18467,51,3,0,2,13,1721,0
8313,30,10,2,1,10,1682,0
1993,70,14,1,1,9,1505,0
9232,19,1,1,1,14,1797,0
6443,64,15,1,2,14,1891,0
10902,45,3,1,2,13,1899,0
6585,39,7,1,1,9,1528,0
12740,40,9,0,4,11,2186,0
14408,23,1,0,3,18,2326,1
8533,18,1,1,1,11,1394,1
12107,57,13,1,1,13,1866,0
5722,34,10,2,1,12,1368,0
4012,37,14,1,2,2,1467,0
3641,47,10,0,1,16,1580,0
6225,48,12,0,1,11,1698,0
2502,71,1,0,3,2,1607,0
3820,48,6,0,1,20,1880,0
6160,65,11,1,1,6,1602,0
8320,55,11,1,1,5,1400,0
7978,68,10,0,3,9,2020,0
3123,50,3,0,1,2,1416,0
1530,46,14,0,1,12,1996,0
1579,58,12,2,2,16,2156,1
3231,25,2,1,2,10,1540,1
4623,78,5,1,1,9,1726,0
4884,41,10,1,2,10,1638,0
12769,65,15,1,2,19,2193,0
7529,38,3,0,1,10,1345,0
6731,41,7,1,1,4,1319,0
2427,39,9,0,3,11,2002,0
5548,35,9,0,1,11,1697,0
2734,43,3,1,3,18,2359,0
7114,52,13,1,1,6,1333,0
3558,50,13,0,1,10,1751,0
3819,41,5,0,3,8,1923,0
8968,54,10,2,1,6,1343,0
9273,52,2,1,1,15,1759,1
61411,51,4,0,3,15,2131,1
4556,55,9,0,3,10,2049,0
1162,61,12,0,4,6,2023,0
6391,68,3,2,1,1,1314,1
9724,37,12,1,1,11,1588,0
9514,53,8,0,2,6,1718,0
2876,33,13,0,4,10,1920,0
2189,56,15,1,1,11,1320,0
1732,29,6,1,3,13,2165,0
3057,53,2,1,1,3,1674,0
1497,53,10,1,1,12,1847,0
2951,58,11,0,1,8,1439,0
3386,40,14,1,1,12,1378,0
8182,36,5,1,1,16,1928,0
6846,64,2,2,2,11,1741,1
2757,26,4,0,1,14,1595,0
4685,41,1,1,3,10,1707,1
1904,46,2,0,1,13,1801,0
5306,35,7,1,2,10,1563,0
4293,39,4,0,1,11,1559,0
9608,59,12,1,4,18,2265,0
3813,45,5,1,2,19,1815,0
15963,59,9,1,1,11,1636,0
1225,22,1,0,2,10,1995,1
1025,54,9,0,1,15,2123,0
3530,50,2,0,1,10,1496,0
6959,46,1,1,3,8,1281,0
2705,75,4,0,1,8,1578,0
3197,41,8,0,1,8,1798,0
16787,37,12,2,1,15,1967,0
3260,41,9,0,1,14,1643,0
3457,60,15,0,1,17,1736,0
2819,55,13,1,1,7,1319,0
5907,49,10,0,2,8,1440,0
20367,43,12,2,1,12,1596,0
10556,49,13,0,1,14,1537,0
6204,61,1,1,2,12,1722,0
6227,67,11,0,1,11,1829,1
6182,20,1,0,1,6,1489,0
2542,50,5,1,4,12,2660,0
2048,37,12,1,1,13,1814,0
2897,29,4,0,2,12,2028,0
10486,46,11,0,1,6,1571,0
6439,55,6,1,1,11,2096,0
4782,66,12,2,5,1,2167,0
5019,47,11,0,1,14,1673,0
7351,46,12,2,3,13,2004,0
6853,24,2,0,2,11,1854,0
4617,47,1,0,1,15,1616,0
2895,45,4,1,2,9,1853,1
10736,80,5,1,3,16,2232,1
9069,36,2,0,2,14,1679,0
6548,45,5,2,1,10,1708,1
1135,37,14,0,1,13,1609,0
9129,62,3,1,3,8,2031,0
8359,50,11,1,2,10,1616,0
4158,40,2,2,3,11,1954,1
1043,52,13,2,1,12,1832,0
6700,40,2,0,1,9,1557,0
5746,66,7,0,2,9,1728,1
5123,37,5,2,2,1,1171,0
2640,24,1,2,1,7,1405,1
4921,47,10,0,3,10,2009,0
2012,27,8,1,3,12,1951,0
30283,18,1,0,1,9,1957,0
6133,18,1,1,1,5,1558,1
6172,19,1,0,1,16,1627,1
3018,41,15,0,1,14,1933,0
5296,37,5,0,1,11,1483,0
14863,58,2,1,3,8,1796,1
14873,66,6,1,1,11,1853,0
5982,62,15,0,1,9,1675,0
4067,18,1,1,1,12,1924,1
2017,28,7,1,1,5,1556,0
7423,26,5,1,1,21,1742,0
7710,47,10,1,1,5,1389,0
3312,57,7,0,2,8,1905,0
4065,33,14,1,4,12,2134,1
5504,32,9,1,1,10,1624,0
4225,50,14,1,1,14,2194,0
25138,48,6,1,1,7,1579,0
41792,54,8,2,2,5,1693,0
2829,39,6,1,1,11,1468,0
27338,21,1,1,2,13,1932,1
6444,49,4,0,1,10,1725,0
26889,30,3,1,1,16,1890,0
11628,39,5,0,1,13,1455,0
5063,45,10,0,1,12,1687,0
29297,47,13,0,1,7,1799,0
8241,23,4,0,1,7,1884,0
4052,52,4,1,2,11,1620,0
2071,44,1,1,1,14,2005,0
15264,34,2,0,1,12,1542,0
2276,48,11,1,1,9,1657,0
2662,48,4,1,1,9,1670,1
11489,54,5,1,1,13,1543,1
5655,50,1,1,1,13,1693,0
6597,38,2,0,3,9,2205,0
9978,76,14,0,1,14,1707,0
9779,54,1,1,3,8,1634,1
9200,46,8,0,1,9,1783,0
3879,18,1,2,1,13,1644,1
4104,58,2,2,1,13,1886,0
3102,31,10,0,1,8,1516,0
3498,23,3,0,1,15,1818,1
5882,53,2,1,1,8,1683,1
4134,39,11,1,3,7,1688,0
1458,65,2,0,1,11,1668,0
10279,51,5,0,1,18,1821,0
4308,37,11,0,1,12,1214,0
1655,32,2,0,2,13,1891,0
3151,60,4,0,4,1,1834,0
9407,57,5,1,3,9,2231,0
2966,71,11,1,1,10,1819,0
14159,53,2,0,1,10,1691,0
2674,66,6,1,2,13,1720,0
10690,65,7,0,2,5,1758,0
2141,32,11,1,1,8,1588,0
4616,27,4,0,1,8,1523,0
2526,24,2,2,1,7,1360,0
3192,54,3,0,1,14,1888,0
7141,27,8,0,1,14,1819,0
8851,33,11,0,1,15,2107,0
4899,35,5,0,2,3,2027,0
5862,44,5,1,1,14,2044,0
5851,50,5,0,1,6,1504,1
5712,35,13,0,2,8,1525,0
7641,44,7,0,1,15,1333,0
17262,44,12,1,1,8,1484,0
5718,59,11,1,1,8,1473,0
4507,58,11,1,1,10,1683,0
4477,42,8,0,1,14,1554,0
3386,34,9,1,2,13,1900,0
647,49,13,2,2,12,1458,0
2461,34,2,1,1,14,1746,0
7550,51,5,0,3,13,1763,1
1688,56,11,1,2,9,1750,0
3760,60,6,0,1,14,1542,0
2950,45,15,2,3,11,1857,0
12268,18,1,1,1,16,1910,0
2245,51,9,1,1,12,1758,0
5778,48,13,1,4,7,1694,0
11163,49,1,1,2,8,1715,0
3318,59,14,0,2,12,1969,1
903,43,3,1,1,17,1781,1
3077,21,2,0,3,13,2135,1
3666,28,7,0,2,7,1825,1
3001,38,5,2,1,14,2013,0
10575,62,13,1,1,18,1818,0
5093,71,12,0,1,11,1753,0
17106,52,4,2,2,7,1717,0
8463,46,5,0,2,4,1635,0
2405,72,9,0,4,11,2091,0
4967,18,1,1,2,6,1571,0
7145,35,9,0,1,11,1687,0
4117,34,9,0,1,7,1508,0
2184,48,12,1,1,17,1953,0
3425,57,12,0,1,14,1940,0
24421,29,1,0,2,1,1696,0
12713,60,14,1,2,10,2153,0
6555,35,13,1,2,11,1818,0
5546,72,7,0,1,10,1703,0
4107,47,4,1,4,10,2120,0
7179,59,7,1,2,4,1577,0
2549,60,12,1,2,18,2021,0
6642,34,8,0,1,12,2137,0
3098,42,14,2,1,5,1304,0
7594,53,15,0,5,7,2119,0
3245,32,1,1,3,11,1795,0
4505,32,2,1,1,13,1772,1
4505,54,3,0,2,20,1833,1
4498,32,4,0,1,11,1562,0
5234,23,2,0,2,11,1728,0
2776,25,2,1,1,11,2128,0
6774,52,3,2,1,15,1947,0
3447,33,3,1,1,11,1685,0
9441,38,14,2,1,6,1597,0
4030,45,3,0,1,8,1344,0
8152,44,10,0,1,8,1292,0
3883,63,7,0,1,12,1652,0
9659,44,13,1,2,10,1893,0
4999,42,15,0,1,10,1868,0
2215,56,2,0,1,5,1375,0
3173,44,4,0,4,13,2166,0
3690,52,8,1,1,9,1827,0
13675,28,5,0,1,14,1544,0
10077,36,8,1,1,8,1756,0
1264,47,11,2,1,8,1547,0
8734,44,8,0,1,12,1501,0
19392,62,3,1,1,8,1968,1
7227,53,11,0,1,2,1400,0
3581,55,14,0,1,19,2138,0
7162,43,12,1,1,9,1654,0
4045,63,13,1,1,3,1337,0
4920,26,3,0,2,10,1737,1
7092,59,5,0,4,10,1691,0
2294,53,14,1,2,5,1654,0
2663,26,7,0,1,7,1717,0
6619,32,11,0,1,13,1766,0
3580,44,13,0,3,17,1739,0
4672,48,10,1,3,7,2164,0
9682,56,7,0,2,13,1911,0
6340,51,2,2,1,10,1597,1
2476,46,11,0,5,7,2535,0
5549,31,7,0,2,6,2110,0
4222,29,9,0,4,11,2097,1
3907,51,1,0,1,14,1844,0
11276,68,7,1,1,11,1456,0
4017,47,2,1,2,4,1362,0
4088,54,11,0,2,12,1707,0
4588,33,4,1,3,20,2206,0
10644,47,5,2,4,16,2033,1
3884,28,4,0,3,12,2322,1
1395,46,10,2,1,2,1344,0
18493,47,13,1,3,4,1838,1
29002,42,6,1,1,10,1678,0
1077,53,6,0,3,7,1924,0
13369,38,9,1,2,14,1858,0
23778,40,15,0,2,9,1786,0
985,42,13,0,2,12,1944,0
11891,49,5,0,1,14,1657,0
7227,55,15,0,2,9,1857,0
1872,46,11,0,2,14,1803,0
2909,30,7,0,1,13,1653,0
4053,30,4,0,1,5,1250,0
3041,51,10,0,3,7,1712,0
4791,56,13,0,1,2,1443,0
6948,50,8,1,4,13,2429,0
9063,55,2,1,1,16,2010,0
2129,49,12,0,2,13,1967,0
9049,39,1,0,1,7,1688,0
59893,52,8,0,3,8,2525,1
3696,50,10,0,1,8,1296,0
4700,39,15,1,3,10,1783,0
10161,29,10,2,2,6,1797,1
3533,52,4,1,1,14,1777,0
15210,50,7,2,2,11,1717,1
11283,38,15,0,3,7,1754,0
21369,59,7,1,1,14,1545,1
5875,53,2,0,2,11,1828,0
2498,36,15,1,2,9,1934,0
4436,30,3,0,1,4,1860,0
6583,46,2,1,2,20,2091,1
12053,50,3,2,4,10,2176,1
3454,23,3,1,1,11,2138,1
11575,63,10,1,1,7,1577,0
1780,33,7,2,1,13,2064,0
2868,39,2,1,1,12,1690,1
5200,24,5,1,2,15,1784,1
3055,39,7,0,3,8,2183,0
4197,54,2,0,3,7,1788,0
3619,32,12,0,1,9,1346,0
2755,49,8,0,2,11,1524,0
1151,63,10,1,1,13,1854,0
2165,56,10,0,1,15,1810,0
8718,37,7,1,1,8,1433,0
1394,27,6,0,1,14,1748,0
14024,54,2,0,1,9,1831,0
6709,41,2,0,1,7,1456,0
1781,39,4,1,3,13,1939,1
3004,38,13,0,1,14,1592,0
3967,59,9,1,2,15,2037,0
4456,50,15,0,1,6,1849,0
5771,18,1,0,1,7,1517,0
3469,71,15,1,1,17,2227,0
3618,44,3,0,3,13,1903,0
3952,62,8,0,1,12,2092,0
7249,26,3,0,1,12,1946,0
3986,46,11,0,5,12,2195,1
1100,35,6,2,3,18,2071,1
3594,18,1,0,2,1,1631,0
3278,55,10,0,1,2,1420,0
15418,33,7,1,4,11,2053,1
1256,44,11,0,4,2,2291,0
10488,64,10,0,2,9,2073,0
2282,38,14,1,1,8,1564,0
4122,40,12,0,2,15,1642,0
2268,80,13,2,2,12,1557,0
4588,32,8,0,1,11,1373,0
8671,41,1,1,1,11,1846,0
3327,53,9,0,1,10,1733,0
3054,57,9,0,1,12,1647,0
6178,18,1,1,2,19,2066,1
15165,47,6,1,1,8,1553,0
4528,40,11,1,2,14,2344,0
798,31,2,2,1,9,1991,1
3690,56,5,0,4,17,2319,0
2623,39,2,0,1,9,1619,0
1467,34,7,0,1,4,1776,0
5343,33,6,1,1,10,1681,1
9714,37,2,2,2,11,1839,1
10001,43,2,0,1,7,1406,0
5148,38,7,2,4,1,1780,1
5707,36,7,1,1,13,1629,1
10871,60,7,1,1,13,1698,0
4518,58,14,0,1,13,2039,0
14303,72,10,0,4,14,2356,0
2928,56,13,0,1,9,1412,0
1772,39,10,0,5,6,1897,1
1797,29,4,1,1,17,1904,0
12058,61,2,0,1,19,2008,0
6099,39,14,1,1,15,1971,0
8135,29,9,2,1,15,1759,1
19110,49,12,1,4,10,2242,0
1083,27,8,0,1,11,1885,0
2799,39,3,0,1,5,1541,0
4211,40,8,1,1,13,1478,0
4438,58,9,0,1,6,1807,0
719,18,1,1,2,6,1571,1
4458,47,9,0,2,8,1458,0
873,51,5,0,1,16,1635,0
2890,39,10,0,1,13,1776,0
1895,58,14,0,2,11,1487,1
7916,51,12,0,2,8,1903,0
8563,46,13,1,1,6,1491,0
7313,32,3,1,1,5,1389,0
3401,30,9,1,1,11,1654,0
2206,36,12,1,4,16,3100,0
7610,47,12,0,3,19,2109,0
1755,66,9,0,4,8,2364,0
16957,38,2,0,1,11,1794,0
4063,25,4,2,1,8,1470,0
9896,57,11,0,2,11,1571,0
5989,18,1,2,1,5,1430,0
9083,45,2,0,4,9,1601,0
2031,74,3,0,1,11,1917,0
6849,52,6,0,2,11,1731,1
15616,60,11,2,2,10,1977,0
14228,33,7,1,1,2,1262,0
3206,37,15,0,1,8,1948,0
3094,49,14,1,3,4,2031,0
5784,41,10,1,1,8,1694,0
2729,35,14,2,1,14,2002,0
13180,43,4,1,1,17,2327,0
3147,35,1,1,1,10,1866,0
3227,55,2,0,1,13,1938,0
5235,41,2,1,1,9,1798,0
4289,54,5,0,1,1,1160,0
2208,32,10,2,3,12,2083,0
2439,42,10,2,1,10,1447,0
9807,29,9,1,1,9,1702,0
19658,27,8,0,1,12,1445,0
5320,69,7,0,1,8,1687,0
5341,40,8,0,2,11,2107,0
2426,45,1,2,1,10,1552,0
21779,36,14,0,1,13,2205,0
2382,39,7,1,5,14,2331,0
10239,54,4,2,1,7,1311,1
4018,53,4,1,4,12,2217,0
5070,59,9,2,1,4,1490,0
3632,34,14,2,1,4,1695,0
10464,62,15,0,2,2,1553,0
5056,46,15,2,2,8,1679,0
17866,52,12,1,3,15,2210,0
3408,25,2,0,1,8,1509,0
8978,49,4,1,1,14,1996,0
1769,67,9,2,3,11,2177,0
14206,40,13,0,1,12,1887,0
6777,48,9,0,1,11,1379,0
6892,35,8,1,1,8,1759,1
18415,58,10,0,5,4,1939,0
1609,59,11,0,1,12,2064,0
865,33,3,0,1,9,1513,0
8103,34,3,1,2,9,1537,0
7540,47,2,0,1,2,1339,0
75000,56,5,1,1,18,1675,1
3271,44,9,1,1,9,1876,0
2049,36,2,0,1,5,1168,0
4054,38,14,0,1,16,1516,0
6040,54,8,0,2,5,1765,0
1763,51,12,1,1,14,1857,0
1588,26,4,1,2,10,1485,0
7475,46,2,0,1,1,1268,0
4770,35,12,2,1,10,1574,1
4288,53,11,0,2,19,2091,0
15191,43,1,0,1,15,1958,0
3542,32,6,0,1,7,1535,0
5945,58,11,2,1,16,1886,0
4419,36,13,2,1,9,1694,0
2361,18,1,1,1,3,1183,0
4926,39,12,1,1,12,1541,0
9585,58,3,1,1,2,1571,0
1961,47,3,1,5,12,2582,0
1922,61,12,2,2,8,1514,0
12232,45,3,0,1,8,1467,0
13854,48,9,1,1,12,1792,0
2886,58,6,0,1,8,1432,0
4180,52,10,2,2,8,1489,1
5865,28,4,1,1,15,1835,0
4122,42,9,2,2,14,2155,0
2353,80,8,1,2,9,1886,0
1660,42,2,2,1,15,1643,1
30662,26,3,1,1,9,1804,1
3687,55,15,0,1,9,1626,0
8188,60,7,2,1,7,1233,0
6625,24,3,0,1,6,1573,0
8643,60,11,0,2,10,1544,0
9346,26,4,2,4,12,2391,1
5556,19,1,0,2,7,1526,0
32200,27,3,0,1,9,1481,1
3506,41,6,0,1,11,1862,0
9973,37,6,0,3,7,1963,0
4611,26,5,2,2,5,1626,1
11864,57,13,0,1,6,2005,0
16559,39,9,0,1,14,1587,0
8349,51,14,2,1,13,1754,0
4375,75,4,0,1,6,1611,0
6983,53,11,0,3,3,1850,0
8246,66,6,0,1,15,1477,0
1608,58,15,0,2,12,2006,0
1193,31,7,1,5,17,2064,0
4231,32,10,0,2,10,1771,1
8917,52,10,2,3,9,1858,0
3471,47,3,0,1,11,1431,0
1785,33,1,2,4,18,2264,1
4656,63,5,2,1,5,1276,0
2979,44,10,1,2,12,2022,0
10710,31,2,1,1,15,1049,1
5822,45,1,1,1,6,1299,0
4852,55,4,0,1,19,1996,0
11762,42,14,2,1,13,1714,0
17228,59,3,0,1,8,1466,1
1387,74,11,0,1,9,1734,0
2107,38,8,1,3,11,1854,0
11039,44,6,0,3,13,1895,0
4176,33,5,1,1,9,1951,0
4410,49,11,1,1,1,1337,0
13605,37,15,1,1,10,1700,0
5570,47,13,0,1,16,1944,0
3872,65,3,2,1,11,1510,1
17179,50,1,2,1,11,1499,1
7602,80,10,0,3,14,2343,0
5243,40,15,1,2,9,2024,0
4359,34,10,0,1,9,1589,0
1755,25,1,1,2,14,1761,0
2810,18,1,1,2,13,2174,0
3299,44,10,1,2,10,1902,0
5786,31,5,0,1,2,1316,0
8876,32,1,0,1,11,1586,0
10650,38,4,0,1,1,1411,1
3239,45,15,0,1,4,1650,0
2512,44,10,0,3,16,1983,0
5507,39,8,1,3,15,2184,0
2142,21,1,0,1,8,1729,0
1381,80,8,0,1,14,1499,0
4217,41,15,1,4,15,2454,0
1844,52,14,1,1,14,1914,0
6636,46,2,1,1,3,1658,0
3836,34,11,2,1,8,1371,0
14526,61,5,1,1,18,2040,1
18601,24,2,1,1,6,1569,0
7453,41,3,1,3,13,2359,0
2343,27,1,1,3,9,1860,1
7823,33,3,2,2,14,1680,1
4785,57,1,1,1,16,1746,0
3790,80,15,0,1,10,1607,0
8376,59,6,2,2,6,1838,0
3972,54,13,0,2,9,1755,0
4585,67,1,2,1,14,1816,0
589,58,12,1,1,10,1621,0
1794,67,9,1,1,16,1895,1
4392,60,6,0,1,15,1717,0
5843,59,5,1,3,14,2074,0
3627,43,2,0,2,9,1480,0
2336,75,10,1,3,8,1824,0
8516,41,7,0,2,13,1785,0
8446,47,6,0,4,13,2105,0
2755,51,3,1,2,14,1713,0
2127,28,6,1,1,4,1361,0
4024,58,7,0,1,5,1762,0
5333,57,13,0,2,20,2185,0
3055,52,4,0,3,18,2274,0
17463,31,11,0,2,17,2096,0
5811,60,4,0,1,6,1548,0
2946,51,4,1,1,10,1843,0
2906,54,4,1,2,12,1881,0
7423,35,2,0,3,17,2092,0
3905,71,10,1,1,3,1569,0
9761,60,14,2,3,7,1638,0
13583,59,2,0,2,15,1848,0
776,36,3,1,1,15,1801,1
5967,44,5,0,1,12,1612,0
1795,28,2,0,1,10,1809,0
6340,51,14,0,1,11,1890,0
5727,51,8,0,1,10,2071,0
6498,39,8,0,2,13,1905,0
7126,63,1,0,1,14,1622,1
7634,35,2,1,1,7,1687,0
4782,37,2,0,2,11,2185,0
4826,48,10,1,1,9,1568,0
2079,48,11,1,1,5,1721,0
2544,36,3,1,2,8,1735,1
4585,42,1,0,1,14,1571,0
5877,62,8,0,3,10,1863,0
14991,68,8,0,2,12,1912,0
2002,39,11,2,1,11,1666,0
9988,48,8,1,1,12,1558,0
15703,47,1,0,2,11,1352,0
21433,58,1,0,1,10,1351,1
6497,61,11,0,1,10,1580,0
7526,54,15,2,1,10,1438,0
10720,39,1,0,4,12,2505,0
3782,53,9,0,2,3,1626,0
9983,64,6,0,1,7,1565,0
12746,50,13,0,2,5,1427,0
6205,42,13,1,1,11,1720,0
10629,47,4,1,1,8,1692,0
4644,62,9,2,1,11,1863,0
5245,34,10,1,1,10,1427,0
1304,36,7,1,1,10,1851,0
2395,40,10,1,1,6,1502,0
6926,58,1,0,1,13,2168,0
9916,40,8,0,1,4,1201,0
1991,46,14,1,1,13,1543,0
4626,34,15,0,1,16,1649,0
7020,43,7,1,4,14,2065,0
6067,45,9,0,1,6,1465,0
6435,47,13,0,3,10,1659,0
1763,38,2,1,3,11,2330,0
2488,33,10,0,1,11,1445,0
13616,37,7,2,2,7,1516,1
5199,44,7,0,2,13,1902,0
6885,30,10,0,5,8,2401,0
4837,51,13,0,1,11,1677,0
1674,50,1,1,1,15,1900,0
2034,68,11,1,4,7,2210,0
4947,33,6,1,1,11,1613,0
7347,53,9,1,1,19,1906,0
13699,45,14,0,1,6,1621,0
1042,29,8,0,1,9,1940,0
8784,36,11,0,3,11,1976,0
17068,49,9,0,2,14,1726,0
3954,46,14,1,2,9,1621,0
2359,80,4,1,1,11,1587,0
10508,59,7,0,1,17,1811,0
3948,48,5,0,1,5,1680,0
4361,45,3,0,1,6,1606,0
1459,21,2,1,4,8,1737,0
4019,32,2,0,2,3,1979,1
4682,52,3,0,1,12,1630,0
9465,69,1,1,2,15,1939,1
2449,75,2,0,1,6,1366,0
7814,51,1,0,1,8,1867,0
7781,49,12,0,1,7,1512,0
13835,43,5,1,4,4,2007,0
2762,66,14,1,3,7,2046,0
15371,54,5,0,1,17,1901,0
2348,45,14,0,1,10,2171,0
5155,66,1,2,1,9,1478,1
3517,52,13,2,1,8,1607,0
18821,80,14,2,2,17,2130,1
14813,31,2,0,4,11,1715,1
7711,52,6,0,1,15,2026,0
2031,75,7,0,2,10,2047,0
1551,65,13,2,1,15,1421,0
1964,71,11,0,2,4,1909,0
2194,55,6,0,3,11,1927,0
1365,53,14,0,1,11,1629,0
7056,71,9,2,1,12,1797,0
3425,35,7,0,2,10,1902,0
3156,39,1,1,2,7,1651,1
3031,52,3,0,1,9,1659,0
8748,40,15,1,1,13,1549,0
11923,49,13,1,1,7,1541,0
1381,32,5,0,1,6,1762,0
10746,32,3,0,1,17,2141,0
2468,38,15,1,1,12,1721,0
4023,23,4,1,1,7,1579,0
3263,76,1,1,1,10,1667,0
2166,31,6,0,2,9,2035,0
3726,61,8,1,1,10,1684,0
3670,46,15,2,1,10,1743,0
24753,55,13,1,1,14,1816,0
36928,24,3,0,1,8,1651,0
7400,24,2,2,3,12,1685,1
18269,50,13,1,3,7,1853,0
4340,45,8,0,1,10,1671,0
17029,35,14,2,4,6,2086,0
6436,49,15,0,1,16,1842,0
14011,21,1,0,1,22,2155,0
7183,48,14,2,1,8,1514,1
10538,41,14,1,2,4,1659,0
4623,58,3,0,1,10,1815,0
12526,56,2,1,1,14,1801,0
4480,27,3,1,2,11,1790,1
12498,50,4,2,1,13,1629,1
2046,48,13,0,2,13,1650,0
4573,66,10,0,1,11,1624,0
18113,50,13,0,1,20,1999,0
5446,42,4,0,2,11,1796,0
6869,63,7,2,1,4,1193,1
2654,58,4,1,3,12,1827,0
3229,50,12,1,3,5,1905,0
3806,56,6,0,1,10,1700,0
11218,22,3,0,1,13,1532,0
7601,18,1,0,1,9,1632,1
1963,74,5,0,4,14,2289,0
3192,41,10,1,3,11,2060,0
17091,38,11,0,1,10,1517,0
7683,65,2,0,3,4,1608,0
4595,33,11,0,1,9,1385,0
14803,18,1,0,2,19,1982,0
11619,23,4,0,1,10,1578,0
6526,45,9,0,3,13,2171,0
1558,52,14,0,2,14,1860,0
2130,74,9,0,1,5,1382,0
1339,54,5,1,1,8,1772,0
8258,54,5,1,3,12,2231,1
3093,34,4,0,1,14,1865,0
7200,42,9,1,1,16,1862,0
4740,44,10,0,2,13,1948,0
4099,63,10,0,2,16,1834,0
75000,58,9,0,2,11,2097,0
3061,78,14,1,3,11,1958,0
7374,71,2,1,1,12,1543,0
1340,42,8,0,1,18,1759,0
7033,18,1,0,1,11,2030,0
3136,49,4,2,1,8,1537,1
7601,49,1,2,1,14,1783,1
3339,33,6,0,1,14,1823,0
15710,61,12,0,1,11,1700,0
1838,72,1,1,1,4,1363,0
5256,52,3,2,1,7,1465,0
4158,65,14,0,3,16,2372,0
5190,47,1,0,1,17,1723,0
1786,36,3,1,1,14,1932,1
4606,28,3,2,3,8,1946,0
9175,49,9,0,1,9,1721,0
2879,32,10,0,5,12,2495,0
5299,80,2,0,2,15,1769,0
5594,38,2,0,3,9,1964,0
2523,48,11,0,4,14,2155,0
18708,68,5,1,1,8,1427,0
1134,29,8,1,2,11,2049,0
7310,40,12,1,1,6,1644,1
11420,57,5,2,4,9,2370,1
3063,53,15,0,1,6,1565,0
5059,53,5,1,1,10,1790,0
975,52,13,0,1,9,1417,0
22928,60,1,1,2,11,1679,0
1461,56,11,1,1,13,1745,0
4510,32,1,2,2,10,1721,0
9359,44,5,0,2,18,2194,0
3699,30,2,1,2,8,1661,1
2864,53,5,0,1,7,1513,0
1815,47,2,0,1,9,1792,0
1742,60,6,0,1,7,1842,0
3927,46,1,1,4,8,1898,1
4213,59,4,1,3,7,1869,0
8124,43,15,0,5,16,2231,0
4783,48,14,1,1,11,1640,0
6073,42,6,2,2,14,1582,0
2724,46,2,0,4,12,2160,0
4730,42,6,1,1,3,1650,0
7881,80,3,1,4,7,1744,1
4426,48,5,2,1,8,1626,0
16795,43,5,1,5,15,2334,1
14069,30,7,0,1,7,1624,0
3331,44,12,0,3,14,1888,0
14563,37,10,2,4,12,2008,0
2273,51,11,2,1,9,1555,0
8920,33,2,0,1,14,1410,1
11633,19,1,1,1,9,1381,0
1820,49,9,0,1,14,1796,0
17987,18,1,0,1,3,1378,0
1131,71,6,0,1,1,1420,0
2144,52,5,1,1,13,1690,0
4913,53,4,0,1,7,1220,0
7155,50,9,0,1,14,1809,0
8654,66,5,0,1,9,1645,0
9666,51,13,0,1,11,1743,1
6582,45,3,1,1,5,1691,0
8166,55,10,1,2,8,1895,0
2692,42,2,1,1,9,1325,0
6569,62,15,0,1,12,1500,0
2690,40,5,2,3,9,1986,1
2623,50,6,0,1,9,1679,1
5319,31,4,1,2,10,1781,0
7950,22,3,2,3,12,2105,1
6512,38,15,0,3,7,1913,0
4441,46,9,1,4,6,1675,1
4188,27,4,1,1,12,1897,0
7848,60,4,0,1,6,1315,0
1122,43,6,1,3,16,2187,0
6872,80,8,2,3,13,2344,1
8224,51,1,0,2,7,1907,0
2567,50,10,0,1,13,1826,0
3679,51,12,1,1,17,1976,0
4690,47,2,1,1,13,1950,0
27483,37,5,0,3,5,1856,0
14220,51,15,2,3,17,1940,0
20274,27,6,2,2,8,1852,1
4284,37,12,0,1,11,1543,0
2273,80,12,0,1,7,1967,0
6152,39,8,0,1,12,1575,0
2285,52,11,1,4,9,1670,0
4586,51,3,1,1,13,1424,1
2634,52,12,0,1,8,1582,0
6150,51,10,0,2,5,1631,0
27778,19,1,1,1,10,1703,1
2303,32,12,0,1,4,1752,0
10750,47,7,2,2,11,2100,0
3152,50,15,1,1,14,1749,0
3695,40,13,0,2,7,1725,0
2314,33,14,1,1,11,1361,0
1896,54,9,0,1,15,2206,0
2191,62,4,0,3,13,1913,0
1257,45,8,1,1,9,1343,0
3680,46,3,2,2,10,2111,1
5258,37,11,0,1,17,1992,0
3562,32,9,0,1,7,1761,0
3596,20,1,0,1,16,1962,1
4621,41,14,0,1,8,1236,0
1074,31,11,0,1,11,1721,0
17419,31,8,1,2,14,1870,0
21169,52,4,0,1,14,1478,0
5701,68,11,0,2,15,2150,0
14464,41,6,2,2,9,1764,1
5648,68,10,0,1,6,1748,0
5895,31,4,0,3,9,2325,0
8618,47,10,0,2,14,1533,0
9088,27,3,0,1,14,1627,0
7280,69,15,2,1,6,1605,0
14002,21,1,0,3,9,1939,0
5767,40,4,1,1,12,2195,1
11307,39,1,1,2,15,1625,1
5380,28,9,1,3,19,2374,0
3688,71,13,0,2,14,1665,0
3119,38,12,0,1,17,1924,0
927,18,1,0,2,9,1674,0
790,69,11,1,1,7,1603,0
3118,25,5,0,2,5,1392,0
7358,55,2,0,2,14,1886,1
17232,39,12,0,1,8,1635,0
8927,57,13,2,1,6,1528,0
17746,70,9,2,1,7,1838,0
2470,54,5,0,1,8,1682,1
3197,23,3,0,1,4,1596,0
4404,48,15,1,1,16,2266,0
3506,66,4,2,4,6,1947,1
2107,44,5,0,1,10,1650,0
17379,64,2,0,2,14,1656,0
7718,18,1,0,1,1,1349,0
7314,31,8,1,1,1,1413,0
9380,41,8,0,3,11,1960,1
6127,36,9,0,2,15,1808,0
4613,31,12,0,2,17,2039,0
12027,44,13,2,1,14,1727,1
3266,57,7,0,1,7,1492,0
4244,50,8,1,2,8,1623,1
6836,43,4,2,1,16,1732,0
5848,56,15,1,1,8,1527,0
719,41,15,2,1,3,1137,0
27352,57,12,1,1,12,1862,0
22887,57,1,0,2,13,2249,0
2460,22,1,0,1,7,1779,0
5966,37,5,0,2,15,2120,0
3686,18,1,1,1,10,1485,1
15176,36,2,0,3,13,1865,0
3367,53,7,0,1,13,1592,0
13491,48,15,1,3,10,2010,0
55116,27,4,0,1,8,1612,0
3152,30,6,1,1,13,1862,0
8112,57,10,1,2,15,1589,0
6931,60,12,1,1,12,1708,0
11038,58,2,1,1,13,1536,0
18969,48,7,0,1,7,1170,0
1857,46,10,0,1,5,1795,0
2333,66,12,1,2,13,1703,0
4812,28,4,2,1,9,1705,1
6993,67,4,0,1,4,1891,0
2118,34,14,0,2,4,2078,0
2843,67,12,0,1,13,1467,0
13513,52,1,0,1,3,1541,0
13553,53,1,0,1,6,1460,0
