Age,Salary,Department,JobSatisfaction,Overtime,YearsAtCompany,WorkLifeBalance,DistanceFromHome,Attrition
33,105300,0,3,1,13,1,5,0
32,54412,0,2,0,2,3,1,0
31,68712,1,2,1,2,3,1,1
45,120228,1,3,0,16,3,2,0
42,79276,1,3,1,1,3,7,1
31,101626,1,3,0,7,4,3,0
56,91229,1,3,1,5,3,6,0
35,63668,0,2,0,1,4,1,0
34,92206,1,2,0,4,3,4,0
37,76883,1,1,0,13,2,19,1
45,56616,1,2,0,1,3,8,0
32,56493,1,3,0,6,4,7,0
23,111561,1,1,0,4,2,16,0
33,78747,1,3,0,8,3,1,0
43,96638,1,2,1,10,2,5,0
35,119712,0,4,0,8,3,8,0
41,100427,1,2,0,3,4,20,0
31,76262,1,3,0,6,3,19,0
40,75617,2,2,1,5,3,11,1
29,68919,0,4,1,3,1,8,1
46,66266,1,3,0,2,3,2,1
48,83360,2,3,1,1,3,4,0
22,76893,0,3,0,1,3,2,1
32,90188,1,4,1,3,2,3,0
31,67812,1,3,1,12,3,8,0
31,92833,0,3,0,8,2,9,0
28,60631,1,4,0,8,4,1,0
37,81565,1,2,0,1,3,12,0
48,64652,1,1,0,2,1,2,0
51,103417,1,2,0,18,3,6,0
35,86359,1,3,1,1,2,11,0
39,116883,0,3,0,17,3,12,0
51,125452,1,3,1,1,3,3,0
47,48855,1,2,1,14,4,1,0
32,110784,1,2,0,13,3,3,0
35,50620,1,4,1,11,4,4,1
43,103825,1,3,0,18,2,2,0
41,100749,0,3,1,13,3,1,0
27,94284,1,3,1,5,4,8,0
30,70800,1,1,1,3,2,1,0
45,107993,1,2,1,13,4,2,0
30,88809,1,3,0,6,3,1,0
30,75997,1,1,0,4,1,7,1
35,49142,0,4,0,15,2,20,1
34,93863,1,3,0,13,3,12,0
29,110073,1,3,0,9,4,8,0
31,99141,1,2,1,7,3,3,1
34,115866,0,3,0,8,3,3,0
30,122742,2,3,0,4,2,9,0
40,61903,0,2,0,10,2,17,0
18,77123,1,4,0,1,2,10,0
41,102827,0,3,1,14,3,6,0
45,67642,0,3,0,18,4,13,0
42,63881,1,4,1,1,3,9,1
18,111581,1,2,0,1,2,7,0
30,85626,1,2,0,6,4,1,0
37,79000,1,3,0,18,4,7,0
45,95459,1,3,0,18,4,1,0
38,64127,1,2,1,15,4,6,1
36,96877,1,1,0,6,2,5,0
32,91829,1,2,0,7,3,12,0
38,79458,0,2,0,9,3,16,0
39,97489,1,2,0,7,3,7,0
25,82556,0,1,1,3,1,11,0
32,64460,1,3,0,9,4,14,0
50,72090,1,4,0,2,3,11,0
29,103856,0,3,0,4,3,7,1
45,91928,1,3,0,8,3,3,0
49,46922,1,3,0,12,2,2,0
43,104445,1,4,0,13,3,3,0
32,106244,0,4,1,7,4,4,0
44,91850,1,3,0,13,3,30,1
34,53292,1,3,1,13,2,6,1
33,87730,1,2,1,11,3,16,1
30,97633,0,1,1,1,4,2,1
28,119391,0,1,0,8,1,8,1
39,90298,1,4,0,9,3,6,1
35,101019,1,1,1,1,3,1,0
38,74649,0,3,0,2,4,6,0
36,94912,0,2,0,12,4,6,0
41,104315,1,3,0,14,2,3,0
29,92445,1,4,0,6,1,9,0
46,90124,0,3,0,1,1,20,0
27,56951,1,4,0,7,3,1,0
40,72867,0,3,1,6,4,15,0
34,76120,1,4,0,4,3,1,0
31,71709,0,3,0,9,3,3,0
33,93682,1,2,0,10,3,11,0
38,116278,1,2,1,16,3,12,0
29,94167,2,4,1,1,3,1,0
30,37859,0,3,1,1,3,2,1
46,77749,1,3,0,2,3,14,0
36,38302,1,3,0,3,3,3,0
36,112448,1,1,0,3,3,6,1
22,115053,1,3,1,1,4,13,1
28,72189,0,3,0,1,3,3,1
39,68002,1,4,0,2,4,18,1
31,109656,0,4,1,4,2,1,0
44,96445,1,1,0,13,2,4,0
38,126683,1,4,0,1,3,2,0
22,71112,2,4,1,1,1,4,0
42,68820,1,1,0,15,4,13,0
35,59782,1,4,0,3,4,1,0
18,95040,1,4,0,1,3,26,0
44,88867,1,2,1,16,1,9,0
49,69824,0,1,0,11,3,13,0
44,52826,2,2,1,7,4,3,1
41,81268,0,3,0,14,3,15,0
33,92409,2,3,0,10,3,14,0
42,63287,0,2,0,15,3,3,0
39,103940,0,3,0,5,3,11,0
48,129674,1,3,1,8,3,25,0
41,111848,1,2,0,14,1,1,0
39,79013,2,4,0,18,4,7,0
40,107166,0,4,1,2,4,2,1
34,77837,1,4,1,3,3,2,0
37,75729,1,2,1,8,4,1,1
60,102674,0,4,0,5,2,7,0
40,68129,1,3,1,15,3,6,0
19,41973,1,3,0,1,4,1,1
24,65115,1,3,1,4,4,8,1
45,78154,1,4,0,15,3,1,0
35,82933,1,4,0,4,2,3,0
34,91542,1,4,0,8,1,4,0
33,110996,1,2,0,10,3,26,0
29,90922,1,3,1,6,4,1,1
25,85763,1,3,0,4,2,15,1
51,97279,1,2,0,9,2,4,0
44,112441,1,4,0,9,4,1,0
32,71611,0,4,1,5,2,5,1
49,95377,0,4,0,9,4,5,0
49,68330,1,2,0,2,3,5,0
27,31265,1,4,0,5,3,24,0
20,66397,0,4,1,1,4,9,0
31,84977,0,2,1,2,2,13,1
37,111585,1,3,0,9,3,1,0
50,68893,1,2,1,20,3,14,0
44,78757,1,3,1,4,3,1,1
39,70674,1,3,0,3,2,19,0
44,87380,1,1,1,18,3,12,0
46,67254,1,3,1,4,1,2,0
30,86011,1,2,0,10,3,7,0
31,107367,0,1,1,12,3,9,1
38,60069,1,2,0,18,3,7,0
28,118706,1,2,0,3,3,2,0
30,81052,2,3,0,8,3,20,0
40,111980,1,3,0,2,3,7,1
47,58655,0,4,1,15,4,10,1
37,94780,1,3,0,2,2,30,0
29,115592,1,3,1,3,4,1,1
37,64775,0,3,1,5,3,18,1
43,35585,0,3,0,16,3,5,0
22,82681,1,2,1,2,2,13,1
33,76232,1,4,1,4,2,7,1
54,80687,1,4,1,9,2,9,0
29,67804,1,2,1,9,2,3,1
31,94932,2,4,0,12,3,1,0
18,102027,0,3,0,1,3,6,0
24,79115,1,2,0,3,2,1,1
51,66112,2,3,0,4,2,16,0
31,83996,0,3,1,5,4,6,1
27,72266,1,2,1,4,3,7,1
29,87026,1,4,0,10,3,6,0
20,102876,1,3,0,1,3,1,0
41,110953,1,1,0,9,2,9,0
29,122647,1,2,1,8,4,2,0
27,83028,0,1,0,8,3,12,0
24,101184,0,4,0,1,2,3,0
31,79802,1,3,0,5,3,9,0
29,85977,0,3,0,6,4,17,0
46,74717,1,2,0,17,4,17,0
42,65456,1,3,1,20,3,2,0
41,67842,0,2,0,9,3,5,0
43,62856,2,4,0,13,3,6,0
42,64335,1,1,0,20,3,21,0
37,72792,0,4,0,17,3,6,0
43,89858,0,2,0,9,3,1,0
36,92443,2,2,0,12,3,7,0
50,96682,1,3,1,19,4,13,0
45,96909,0,1,0,13,3,4,0
38,79618,1,2,0,18,2,6,0
20,111898,1,1,0,1,2,1,0
28,111964,0,2,0,2,3,1,1
38,86099,0,4,0,18,1,6,0
24,88767,1,3,0,4,3,6,0
36,103242,1,3,1,15,3,11,0
44,92543,2,3,0,2,1,2,0
29,60260,0,4,0,2,3,2,0
24,69094,2,2,0,2,4,2,0
44,88017,0,1,0,1,3,4,0
35,86920,1,1,0,1,2,12,1
40,91882,0,2,1,8,2,3,1
29,50699,1,1,0,7,3,7,1
52,113346,0,2,1,16,1,20,0
47,68515,0,4,0,9,3,1,0
35,94644,0,2,1,5,4,1,0
52,81595,1,4,1,4,2,30,1
36,51044,1,2,1,2,3,5,1
45,130519,2,3,0,12,3,5,0
42,107093,2,4,1,6,2,7,0
22,135153,1,4,0,2,4,1,0
35,74475,0,3,0,3,2,1,0
33,93703,0,2,0,13,2,7,0
29,57193,0,3,0,8,3,12,0
32,99231,1,3,1,8,1,27,1
43,117314,0,4,0,6,3,1,1
38,86934,0,4,1,1,1,2,0
31,118881,1,3,1,10,4,6,0
26,93922,2,3,0,4,2,23,0
44,63329,1,2,0,3,4,13,0
35,89106,1,3,0,12,3,9,0
37,77200,0,3,0,5,2,2,0
44,103516,2,2,1,8,4,5,0
44,88160,0,1,0,12,4,19,0
37,74493,1,3,1,10,2,5,0
36,93321,0,3,0,5,2,2,1
26,116127,1,2,0,3,2,3,0
20,51671,0,1,1,1,3,3,1
42,72548,1,3,0,11,3,8,0
43,94099,2,4,0,14,4,13,0
42,101734,0,3,1,11,3,10,0
33,69102,0,3,0,13,2,3,0
35,47565,1,1,0,13,3,7,0
34,92168,1,3,0,3,3,13,0
21,47630,1,3,1,1,4,4,1
36,111513,1,3,1,16,4,13,0
57,110320,1,2,1,13,2,4,0
26,81002,1,4,0,6,3,5,0
30,78737,0,3,0,3,3,12,0
35,105015,1,3,1,13,2,1,0
35,94335,1,4,1,7,3,10,0
22,80644,1,3,1,2,3,24,1
33,111335,0,4,0,12,4,18,0
34,76954,0,3,1,5,3,1,0
20,93271,0,4,0,1,3,1,0
20,89587,1,1,1,1,3,2,1
44,104968,0,3,1,6,3,30,0
34,116279,0,4,1,7,1,1,1
35,106099,1,3,0,16,3,3,0
37,54037,2,3,0,5,2,28,0
30,41222,1,2,0,8,3,15,0
23,91580,0,3,0,4,4,4,1
29,99023,1,3,0,9,3,7,1
45,97325,1,3,0,11,3,1,0
37,72365,0,4,0,16,3,7,0
25,39198,1,3,0,2,3,2,1
56,77682,0,3,0,16,2,6,0
29,83103,1,1,1,5,2,3,1
30,85250,0,4,0,6,4,26,0
43,75626,1,3,1,17,3,1,0
41,103560,0,4,0,14,3,4,0
60,92438,2,3,1,14,3,1,0
41,73445,2,4,1,1,3,23,1
43,97917,1,3,0,20,3,9,0
25,50722,0,4,1,5,3,1,1
37,82134,1,3,0,10,1,7,1
34,114771,0,2,1,14,1,1,0
28,88135,1,4,0,4,4,1,0
36,73780,1,3,0,10,1,8,0
38,101398,0,3,1,16,2,8,0
54,95633,2,2,0,8,3,27,0
50,120126,1,4,1,6,3,13,0
41,87519,1,3,0,17,3,3,0
34,80933,0,4,0,4,3,5,0
41,91291,1,3,1,2,3,7,1
50,82380,1,3,0,10,3,8,0
26,64094,1,2,1,3,3,5,0
35,79614,1,4,0,11,3,4,0
19,62588,2,4,0,1,3,8,1
45,94301,0,2,1,1,1,1,1
40,93952,0,2,0,6,4,14,0
46,81318,1,2,1,13,3,6,0
36,76130,1,4,1,9,3,17,0
38,85835,1,1,0,17,2,22,0
33,77219,0,2,1,14,2,12,0
31,72374,2,3,0,12,3,1,0
33,116539,1,2,1,10,4,25,1
44,109194,0,2,0,5,3,1,0
18,101757,0,3,0,1,4,3,1
30,70221,1,3,0,1,3,1,0
39,108516,0,3,1,15,3,1,0
40,73688,1,3,1,18,4,28,0
23,101076,0,2,1,3,3,1,1
37,48876,1,4,1,1,3,27,0
28,93874,2,3,0,8,4,2,0
39,87697,2,3,0,4,3,18,0
60,77585,0,3,1,15,2,3,0
33,100900,1,2,1,13,2,14,1
18,105006,2,4,0,1,3,4,0
40,78781,1,2,0,4,4,10,0
37,84924,1,4,0,4,3,1,0
31,84431,1,2,0,5,2,1,0
43,81307,0,3,1,3,2,15,1
25,51442,1,1,1,4,1,3,0
30,48658,1,4,0,8,1,8,1
60,113772,1,3,0,17,3,9,0
39,91432,1,3,0,6,4,1,0
48,100672,1,3,0,10,2,1,0
47,108384,0,3,0,11,4,7,0
51,69221,1,1,0,6,2,8,1
21,96164,1,2,1,2,3,8,0
25,71852,1,3,0,4,3,10,0
36,52258,0,3,0,3,3,6,0
33,114046,0,1,0,2,4,19,0
42,97136,2,2,0,19,4,6,0
38,106621,0,3,0,6,3,3,0
32,75700,1,1,1,4,1,4,1
22,42607,1,4,0,2,2,8,1
38,91502,1,4,1,5,3,4,0
42,125723,1,3,1,20,4,1,0
39,133578,0,4,1,10,2,15,1
21,67659,2,3,1,2,4,15,0
31,89418,1,1,0,6,4,9,0
45,104846,1,1,1,1,2,18,0
21,143755,0,3,0,2,4,2,0
33,94906,1,3,0,11,4,3,0
45,81558,0,2,0,15,3,5,0
33,87109,1,2,0,6,2,3,0
25,88360,2,1,1,1,3,9,1
39,104284,1,1,1,18,3,11,0
32,126616,1,4,0,3,3,1,0
33,82811,2,3,0,13,3,10,1
33,67371,2,1,0,8,3,26,1
49,63510,1,4,0,1,3,1,0
32,70637,2,1,0,11,2,13,1
50,94159,1,4,0,8,2,9,0
42,83523,0,3,0,4,2,5,0
40,58389,1,2,0,13,2,16,0
38,92147,0,4,0,16,2,10,0
41,77002,1,4,1,1,4,1,1
37,71579,0,3,1,3,3,10,0
47,113993,1,2,0,14,3,1,0
37,95656,1,2,0,3,2,1,0
51,77921,1,3,0,2,4,6,0
46,50741,1,4,0,8,3,1,0
41,118070,2,2,0,15,3,6,0
41,58523,1,3,0,7,3,8,0
49,82098,1,3,0,9,3,20,1
37,116177,1,3,0,11,2,2,0
38,85371,1,4,1,5,3,3,1
20,96556,1,1,1,1,3,1,1
39,57628,1,2,1,7,2,1,0
39,71148,1,1,1,20,3,4,0
23,93069,1,4,0,4,3,13,1
53,68444,1,4,1,9,4,1,1
38,74868,2,3,0,18,4,6,0
28,51608,0,1,1,3,3,3,1
31,68037,1,3,0,9,3,8,0
25,77359,1,4,1,1,2,1,1
50,91008,0,2,0,10,3,2,0
57,74843,0,1,0,2,3,3,0
38,103193,1,2,0,13,3,1,0
24,42639,1,3,0,1,1,15,1
32,102288,0,4,1,2,2,2,0
44,105066,1,4,0,10,2,3,0
40,95733,0,3,1,11,3,3,0
38,100261,1,3,1,1,2,6,0
47,90111,1,3,0,18,2,14,1
26,102124,1,4,1,2,2,2,1
37,97650,1,3,1,11,4,30,1
38,109807,1,3,1,2,4,1,0
30,80019,1,2,1,2,4,1,0
35,66507,1,4,0,12,2,12,0
42,91278,1,4,1,2,3,6,0
37,70906,0,2,1,1,1,8,1
41,69238,0,3,0,4,1,4,1
42,103739,0,1,0,8,2,6,0
37,112519,0,1,0,6,2,11,0
35,77540,0,2,0,10,2,6,1
48,56995,0,4,0,11,4,19,1
33,87387,0,3,1,8,2,12,1
29,44093,1,3,1,10,2,1,0
39,86915,1,3,1,16,3,1,0
38,86548,0,2,0,10,4,1,0
22,108777,1,1,0,2,2,7,0
38,129961,1,3,1,9,3,3,0
43,79893,1,4,1,12,3,25,0
45,94209,1,4,1,16,3,4,0
32,79243,1,3,1,11,3,1,0
37,106773,0,3,1,18,4,1,1
44,84679,0,4,1,12,2,3,0
28,83113,1,2,0,2,3,7,0
45,54690,0,1,1,15,3,1,1
29,112086,1,2,1,3,4,5,1
18,80078,1,3,1,1,3,3,0
52,112860,0,3,1,10,1,3,0
32,84324,1,4,0,11,3,4,1
45,98571,0,1,1,20,2,1,0
45,108704,1,4,1,12,3,5,0
29,58344,1,3,0,6,4,3,0
50,70632,0,1,0,18,3,25,0
37,55208,1,2,0,1,2,4,0
23,64642,0,2,1,3,2,7,1
29,86158,1,3,0,6,3,7,0
37,49520,0,3,1,10,1,6,1
31,64560,2,2,0,11,3,12,1
36,68881,1,3,0,4,2,12,0
32,140155,2,1,0,8,3,12,0
22,76340,1,4,1,3,3,7,1
48,81469,0,3,0,1,3,4,0
38,89186,1,2,1,18,3,16,0
48,112851,1,1,0,13,3,10,1
40,82618,1,3,1,17,3,2,0
29,112587,1,4,1,9,2,16,0
39,68182,1,3,0,13,3,7,0
45,106661,0,2,0,13,1,8,0
31,73405,2,3,0,11,4,3,0
35,57913,1,1,1,1,3,2,0
36,102798,1,4,0,7,1,7,1
38,69257,1,1,1,10,3,1,0
26,90587,1,2,1,7,3,5,1
24,78771,0,3,0,2,3,3,0
38,83953,0,2,1,12,4,15,0
33,97478,1,1,1,5,4,10,1
42,97011,0,2,1,8,3,1,0
27,75644,0,1,1,3,3,9,1
43,92543,1,1,0,1,3,7,1
44,128171,1,3,0,20,3,7,0
49,92988,0,2,1,8,3,1,0
43,77212,1,3,1,18,3,4,0
40,58592,0,2,0,18,3,1,0
34,96567,1,3,0,11,4,1,0
27,76344,1,3,0,4,2,4,0
45,47713,1,2,1,14,2,1,1
37,65755,1,3,1,2,4,19,0
23,97838,1,4,0,1,3,5,1
43,73257,1,2,0,19,3,9,1
46,81391,1,4,0,4,4,13,0
27,101359,1,4,1,8,3,27,1
36,83804,1,3,0,10,1,9,0
30,105271,1,3,0,10,3,2,0
45,117302,1,4,0,3,3,4,0
29,69415,0,2,1,9,2,3,0
48,90280,1,4,0,20,3,9,0
38,75728,1,2,0,1,3,1,0
34,84368,2,2,0,5,2,1,0
29,105636,1,2,1,2,2,3,1
40,96515,0,1,0,10,1,17,0
27,71101,1,1,1,2,3,1,0
36,82349,1,3,1,4,2,6,0
34,80238,1,2,1,7,4,1,0
42,90837,1,4,0,6,4,11,0
50,95745,1,3,0,17,4,1,0
30,65334,1,2,0,6,3,6,0
47,55591,0,3,0,14,3,4,0
42,57784,1,3,1,4,3,24,0
41,73066,1,4,1,11,1,2,0
38,94432,1,1,1,14,3,2,0
36,109394,1,2,0,1,4,5,0
53,53292,1,3,1,18,1,20,1
35,68056,2,2,0,14,3,3,0
18,113602,1,1,0,1,3,5,0
40,90756,1,1,0,15,3,2,0
39,89247,1,3,0,9,3,13,0
45,99614,1,3,1,1,4,17,1
31,65511,1,2,1,12,1,30,1
46,103209,1,2,0,19,4,4,0
35,69144,0,4,0,10,3,5,0
46,112321,1,3,0,18,3,19,0
51,64641,1,3,0,18,2,4,1
28,103365,0,2,1,5,3,5,0
37,74514,2,1,0,8,3,1,0
49,94169,0,4,1,11,4,6,0
51,79947,1,1,1,1,3,7,0
31,66489,1,3,1,8,3,2,1
34,89620,1,3,1,8,3,1,0
44,84792,1,3,0,9,3,5,0
28,92799,1,2,0,4,3,2,0
32,82247,2,3,0,5,3,1,1
40,112819,0,3,1,19,3,3,0
36,109250,1,4,1,16,2,10,0
40,91770,1,2,1,13,2,23,0
30,100296,1,4,0,5,4,5,1
32,49168,1,3,1,6,3,18,0
43,100177,1,1,1,14,3,2,0
29,71768,1,2,1,6,3,17,1
34,92660,1,2,1,3,3,12,1
36,102860,0,2,1,8,3,1,0
32,76489,1,2,1,5,1,10,1
35,69426,2,2,0,8,3,7,1
34,65488,0,4,0,11,2,1,0
47,56314,0,2,1,7,3,1,1
36,96069,1,2,0,9,2,1,0
44,66471,1,3,1,5,3,30,1
48,71250,1,2,1,10,2,1,0
56,84169,1,4,0,12,2,7,1
37,101270,1,3,0,16,1,7,0
47,109857,0,1,1,9,4,1,0
46,79920,1,2,1,1,3,2,1
31,119197,1,3,1,4,3,9,0
38,99340,2,3,1,16,4,3,0
30,90050,1,4,1,11,1,1,0
32,83542,1,4,0,8,4,17,0
25,113059,1,2,1,4,3,12,0
52,80417,0,4,0,15,3,2,0
34,50231,2,4,0,2,3,1,0
41,50208,1,4,1,19,3,6,1
31,55266,1,3,1,12,1,1,1
41,102399,0,1,1,2,3,7,0
24,76008,0,3,0,3,1,11,1
22,74380,0,3,0,2,4,7,0
18,93632,0,2,0,1,3,26,1
35,109746,1,1,0,7,2,4,0
44,75721,0,1,1,19,2,9,1
37,68693,0,3,1,12,3,9,1
34,81279,0,3,1,2,4,10,0
31,95195,1,2,0,3,2,1,0
42,88709,1,4,0,20,1,1,0
46,40848,1,2,0,19,1,16,0
38,126567,1,3,1,1,2,1,0
38,109615,1,2,1,4,4,6,0
45,66634,0,3,0,19,3,5,0
30,82736,0,3,1,3,1,18,0
18,72767,0,4,0,1,2,3,0
29,85434,1,4,0,5,2,7,0
36,89200,1,1,0,14,2,2,1
32,119086,1,3,1,13,3,12,0
35,103547,1,4,0,2,3,3,0
52,94135,0,3,0,8,3,30,0
28,53885,0,1,1,8,1,23,1
32,85587,1,3,1,5,3,5,1
42,77675,1,2,0,3,3,1,0
28,106272,0,1,1,5,2,4,1
32,67523,1,2,0,10,4,5,1
18,73136,0,2,0,1,1,19,1
37,78380,0,2,1,8,3,7,1
41,93125,1,3,0,11,3,19,0
45,99886,0,3,0,14,3,2,0
48,76413,0,2,0,5,3,2,1
38,74604,0,3,0,3,1,4,0
47,65937,2,1,1,11,3,1,0
35,62299,1,2,1,8,3,1,1
50,97461,2,4,1,7,1,8,1
36,113832,1,1,1,11,1,5,1
38,66853,0,4,0,4,1,11,1
53,57988,1,2,0,10,3,4,0
31,90380,1,2,1,5,3,4,0
31,85026,1,3,0,2,2,18,1
35,101330,0,1,1,5,3,1,0
28,75092,1,3,0,5,2,11,1
35,97118,0,3,0,1,3,1,0
25,105335,1,4,0,1,2,1,0
42,58901,1,3,1,2,2,6,1
30,72629,2,3,1,5,2,8,1
42,80115,1,3,0,3,1,2,0
42,108010,1,2,1,6,2,6,0
36,120106,0,2,0,12,2,2,0
41,85185,2,4,1,13,3,1,0
44,90174,0,3,0,1,3,4,0
18,100894,0,2,0,1,2,2,1
29,98425,1,1,1,2,3,1,0
39,93661,1,3,0,4,3,2,0
51,114110,2,2,1,19,2,5,0
19,77724,0,1,0,1,3,1,0
56,62457,2,2,0,6,4,3,0
32,84325,0,3,0,7,3,15,1
18,48404,1,3,1,1,4,4,1
25,84416,1,2,0,3,3,4,1
26,72331,1,4,0,7,3,29,0
29,94571,1,2,0,8,3,1,0
22,51015,1,3,1,3,3,1,1
40,76353,1,4,0,19,2,3,0
34,137998,2,2,0,7,3,14,0
48,55535,1,3,0,1,3,3,1
34,95009,1,3,0,13,3,11,0
35,68631,1,4,0,10,3,2,0
34,131660,1,2,1,9,3,1,0
42,91142,2,2,1,8,3,27,0
46,68174,1,1,0,9,1,3,0
43,111498,1,3,0,12,3,16,0
22,92833,0,2,0,2,1,1,0
50,100871,1,3,0,5,4,3,0
36,94767,1,2,1,6,3,14,0
42,77266,1,2,1,7,3,3,1
36,81338,1,4,0,13,4,8,0
45,72540,1,4,1,12,3,10,0
37,92177,1,3,1,6,3,2,1
43,100066,0,3,1,6,1,3,0
27,77880,1,3,1,8,3,2,1
40,48577,1,3,0,8,2,18,0
39,95973,1,4,0,1,4,4,0
45,94366,2,3,0,5,3,3,0
44,76676,0,1,1,20,3,11,0
36,121892,1,3,0,3,3,5,0
41,88493,1,3,1,2,2,2,0
39,98375,1,4,0,14,4,12,0
45,45730,1,3,1,3,1,14,1
40,67580,1,4,1,3,2,1,0
41,95736,1,2,0,8,3,3,1
50,88692,0,1,1,9,3,26,1
24,103212,2,3,1,2,2,1,0
27,62425,1,3,0,1,2,7,1
23,83843,1,2,0,3,2,1,0
35,61745,1,3,1,15,2,12,1
44,71817,0,4,1,3,4,3,1
37,89030,1,4,1,16,4,1,0
28,104119,0,2,1,4,3,19,1
34,62188,0,1,0,5,3,11,1
37,86768,2,3,1,15,2,30,1
40,62418,2,3,1,19,3,1,1
45,96521,2,3,1,7,3,17,0
29,65339,0,2,0,7,3,1,0
36,42920,1,3,0,16,3,2,0
46,102108,1,4,0,9,2,3,0
46,95149,1,1,1,5,3,7,1
39,124112,1,1,1,12,3,3,0
36,67227,0,1,1,11,3,11,1
46,106196,0,3,0,19,4,3,0
46,50462,1,4,0,11,1,6,0
40,73092,1,2,0,4,3,1,1
32,69082,1,4,1,4,3,14,1
41,107968,1,3,1,15,3,3,0
23,103719,0,2,0,4,3,6,0
22,123483,1,4,0,3,2,2,0
47,74939,0,1,1,2,4,2,1
34,87090,1,3,1,13,2,6,0
42,87121,1,4,1,17,3,8,0
29,82429,0,4,1,3,2,1,0
47,118416,2,1,1,20,3,17,1
33,92395,1,3,0,11,2,7,0
19,109533,1,3,1,1,3,6,0
42,75280,1,2,1,9,2,1,0
48,87343,0,1,0,11,4,1,0
34,41070,0,4,0,7,1,3,0
33,97179,0,1,1,1,4,6,1
32,78234,0,3,1,12,2,9,1
30,106507,1,3,1,2,3,1,0
29,101647,1,2,1,10,4,30,0
31,128095,1,3,0,9,1,3,1
36,96911,1,3,1,7,4,24,0
41,102183,2,2,0,9,4,1,0
35,95071,1,2,1,7,3,9,0
26,82720,0,3,0,4,4,30,0
37,50259,1,3,1,16,3,10,0
44,62496,1,4,0,2,3,1,1
40,89176,0,3,0,19,4,18,0
43,73567,0,3,0,11,2,2,0
37,88720,1,2,0,17,4,10,1
34,93155,1,2,1,15,3,2,0
30,70779,1,3,1,10,4,20,0
31,77304,0,4,0,6,3,19,1
32,69212,2,2,0,8,3,1,1
42,108162,1,4,0,14,2,4,0
30,81194,1,3,1,9,3,1,0
53,119459,1,3,1,5,3,12,0
37,97255,0,4,0,18,3,19,0
48,101728,1,1,0,16,3,13,0
32,87717,0,3,1,2,3,1,0
43,75712,0,3,0,2,4,4,0
41,48025,1,3,1,5,4,15,1
40,102656,1,3,0,8,4,6,0
48,82089,1,3,0,19,3,7,0
26,80380,1,3,1,7,4,5,1
24,85163,1,4,0,1,4,1,0
53,56049,0,3,1,10,3,4,1
31,73482,0,3,1,8,3,19,1
43,92360,1,2,0,9,3,8,0
37,55825,1,2,1,18,2,24,1
47,85769,1,4,0,18,3,4,0
38,151724,0,1,0,7,3,6,0
21,85411,1,1,0,1,3,1,1
34,94741,1,1,0,7,3,15,1
30,63366,1,4,1,5,4,1,0
42,104921,1,2,0,9,4,8,0
28,57514,1,3,1,8,1,14,1
35,115218,1,3,0,10,2,5,0
52,80693,1,3,0,15,3,1,0
42,93316,0,2,0,16,2,1,0
37,81341,1,4,0,1,4,2,0
42,83711,0,4,0,16,3,8,0
39,104371,1,3,0,15,3,1,0
39,52604,0,4,1,20,3,5,0
20,90900,0,4,1,1,3,13,0
32,83023,2,3,1,6,3,1,1
41,95531,1,4,1,15,3,12,1
29,101153,1,3,0,3,3,2,1
49,100071,0,3,1,7,1,10,0
56,84743,1,3,1,12,3,1,0
18,117802,0,3,1,1,2,16,0
31,76128,1,3,0,11,4,2,0
36,77039,1,3,1,12,2,1,1
21,42635,1,2,1,2,3,1,1
42,115277,2,1,0,16,1,12,0
39,109641,2,3,1,8,3,10,1
47,85192,1,4,0,5,3,1,0
28,92958,2,3,1,7,3,1,1
21,47694,1,1,0,1,2,3,1
44,90345,0,4,1,17,4,5,0
51,78261,1,3,0,11,3,18,0
30,80117,0,2,0,2,3,4,1
38,116384,1,3,0,4,4,6,0
28,70701,2,2,0,7,3,1,0
34,87289,0,2,1,7,3,9,1
41,80809,1,3,1,19,4,6,0
35,70373,1,3,0,5,1,1,1
23,95928,0,2,1,1,3,4,1
32,86716,2,3,0,13,1,29,1
46,96301,0,1,1,15,3,1,0
34,28163,1,4,1,15,3,2,1
39,71395,0,4,0,7,2,17,0
36,44162,1,1,0,13,3,6,0
31,120429,0,1,1,7,1,9,0
51,41193,1,3,0,5,2,15,0
26,88218,2,4,0,4,4,5,0
31,46794,0,2,0,5,3,9,1
59,45304,1,2,0,19,1,11,1
18,37418,1,2,0,1,3,1,0
34,89820,0,3,0,6,4,15,0
31,89633,1,3,0,12,3,3,0
34,56024,0,3,0,13,2,1,0
39,77045,1,1,0,4,3,3,0
40,89697,0,3,0,18,3,12,0
48,98797,1,4,0,2,2,2,0
44,99738,1,2,0,2,3,20,0
41,92578,1,4,1,4,1,21,1
40,82534,1,3,1,4,3,28,0
30,59921,1,4,1,10,4,15,0
29,81205,2,2,0,1,3,8,0
38,58046,2,3,0,5,2,2,1
40,79798,1,1,0,4,2,5,1
46,102583,0,3,0,6,4,7,0
44,106871,1,3,0,16,3,6,0
39,57849,1,3,1,11,3,1,0
41,110621,1,1,1,5,3,2,1
33,34327,1,4,1,2,3,1,0
39,78701,1,2,0,14,2,4,0
48,35851,0,3,0,3,3,24,1
36,79239,1,2,0,1,4,1,0
40,102149,1,3,0,10,3,8,0
37,96337,1,2,1,4,2,2,0
36,83243,1,4,1,5,3,3,0
41,102923,0,1,0,4,2,9,0
49,113022,1,3,1,2,3,2,0
35,65089,0,3,0,11,3,7,1
31,100638,0,3,0,2,2,1,0
36,111862,0,4,0,1,1,2,0
49,109943,1,3,1,5,3,3,0
40,71728,1,3,0,15,2,1,0
29,90323,1,3,1,7,3,1,1
27,78505,0,3,1,3,2,28,1
27,109105,1,1,0,1,2,4,0
25,90879,1,1,0,2,2,1,0
34,87435,0,4,0,1,1,6,0
31,100632,1,1,0,6,4,18,0
30,58792,1,3,0,2,3,30,1
43,75815,1,2,1,17,2,10,1
35,81765,2,3,0,8,2,8,1
44,137005,0,2,0,16,3,12,0
28,83044,1,3,1,7,2,12,1
34,78251,0,3,1,5,3,5,1
29,110348,0,3,0,1,2,13,0
25,85833,1,3,0,4,3,3,1
48,106545,1,2,1,9,3,3,0
30,75599,1,4,0,5,4,1,1
27,85467,1,2,1,7,3,2,0
51,89685,2,4,1,7,4,1,0
30,96832,1,3,0,4,2,4,0
52,76206,2,3,1,2,3,22,0
42,75152,1,3,0,15,4,11,0
29,79122,0,1,1,6,3,5,1
37,103046,1,1,1,13,2,18,1
43,120777,1,1,0,15,2,5,0
37,105359,0,2,1,1,3,6,1
46,86898,1,3,0,8,3,30,1
33,89543,1,3,0,11,3,11,0
31,91443,1,1,0,7,3,1,1
33,82139,1,4,0,7,2,1,0
33,102516,0,4,1,13,4,19,0
37,84641,2,2,0,10,3,1,0
46,64841,1,3,0,14,1,7,0
30,78793,1,4,1,8,4,1,0
51,127418,1,2,1,14,3,26,1
37,99917,1,4,0,3,4,2,0
26,63827,0,1,1,1,3,12,1
34,103923,1,4,1,8,3,16,1
37,60556,0,1,1,7,4,4,0
33,62877,1,2,1,11,2,2,1
44,113082,0,2,1,9,1,3,1
41,102170,1,2,0,9,1,1,0
38,86791,1,2,1,11,4,4,0
23,68067,0,4,0,3,2,18,0
36,105903,1,4,0,12,2,1,0
54,96985,1,4,0,12,2,1,0
29,83872,1,3,1,5,3,15,0
18,95923,1,1,0,1,2,4,0
24,98538,1,2,0,3,2,6,1
46,80221,1,4,1,20,2,2,1
18,67972,0,2,1,1,3,7,1
51,109335,1,3,0,12,2,7,1
32,76140,1,4,1,3,3,4,0
31,103080,1,3,1,2,4,3,1
56,70083,1,2,1,5,3,3,0
53,81686,1,3,0,11,3,17,0
41,126034,1,2,0,1,3,3,0
21,73693,2,4,0,2,2,1,1
33,73575,0,1,1,12,4,4,0
43,79314,1,3,1,20,3,1,0
38,82518,1,4,0,12,3,30,0
36,80013,1,1,1,17,2,6,0
29,124166,1,4,0,9,3,4,0
44,101900,1,4,1,15,2,7,1
36,128946,0,4,0,16,1,1,0
50,89243,0,1,0,17,4,3,0
37,90264,0,2,0,4,2,1,1
23,102604,0,3,0,2,3,29,0
53,76210,0,3,0,16,4,23,0
38,63052,0,2,0,4,3,1,0
33,63590,0,3,0,6,3,14,0
43,66936,1,1,1,7,1,21,1
41,97215,1,3,0,5,3,1,0
39,67815,0,4,1,16,4,1,0
40,86490,1,3,1,9,4,1,0
20,121104,0,3,0,1,2,6,0
40,55472,0,3,1,11,3,1,1
18,72045,0,2,0,1,1,2,1
29,62554,0,4,0,3,2,1,1
30,76187,1,4,0,9,4,2,0
31,62622,1,3,0,8,3,3,1
39,74539,1,2,1,3,1,6,0
39,62658,1,3,1,18,1,30,0
41,112058,0,1,0,14,3,11,0
35,89386,1,2,0,12,3,1,0
19,77622,1,1,0,1,4,1,0
53,82379,1,3,0,4,4,13,0
22,81816,1,4,0,1,2,16,0
27,96622,1,2,0,5,2,21,0
22,72042,1,3,1,1,1,3,1
23,99161,0,3,0,1,2,4,0
37,96414,0,4,1,5,3,12,0
37,122754,0,2,0,17,3,3,0
43,88542,1,2,0,2,2,3,1
38,75736,1,3,1,8,3,13,1
35,78237,1,3,0,14,4,1,0
53,85282,1,3,1,4,3,7,0
36,100415,1,2,0,5,3,24,1
35,77399,2,3,0,7,2,5,0
57,88099,1,2,1,19,3,3,0
29,117043,0,3,1,2,2,1,1
34,111918,1,1,0,7,4,16,0
44,71997,0,3,0,4,1,1,0
43,82871,0,2,1,18,3,23,0
32,84956,1,1,1,5,1,7,0
24,119316,0,4,1,3,3,21,0
37,85928,1,3,0,3,3,1,0
42,92153,2,4,1,8,4,7,0
41,96521,2,4,0,4,1,1,0
26,79935,1,2,1,2,2,2,0
42,81485,0,4,1,16,3,1,0
35,84823,2,3,0,8,3,3,1
34,91666,0,2,0,10,3,1,0
18,94348,1,3,0,1,3,2,0
27,93729,0,3,1,2,2,3,0
35,103691,0,2,0,1,3,1,0
48,82588,0,1,0,6,3,2,1
60,60041,1,2,0,14,2,4,1
55,75578,1,3,0,18,2,1,0
42,80424,1,4,0,12,1,12,0
39,79547,1,3,1,8,3,17,1
47,89076,2,4,1,5,1,21,1
47,55077,1,2,0,6,4,1,0
32,41262,0,3,0,5,2,3,0
24,130836,0,2,0,5,4,15,1
44,82743,1,2,0,6,2,9,0
32,85607,1,3,1,4,2,10,0
49,111573,1,1,0,15,3,6,0
40,66317,0,3,1,13,3,12,0
47,63806,1,1,0,20,3,1,0
49,50303,2,4,1,7,4,15,1
38,67374,1,1,0,7,2,5,1
39,84566,1,1,0,18,4,13,1
33,89919,1,4,1,8,2,4,0
21,65528,2,3,0,2,2,1,0
48,99085,1,2,0,13,2,13,1
32,81471,0,4,0,1,3,18,0
49,73983,1,4,1,2,3,10,0
56,89287,2,3,0,15,3,10,0
25,107508,1,3,0,1,3,7,0
49,83305,1,1,1,6,3,7,1
37,84271,0,1,1,7,1,26,1
42,46280,0,2,1,2,2,1,1
28,58732,0,2,1,7,4,1,1
28,99779,1,3,1,6,4,4,1
22,114719,0,1,1,2,3,4,1
39,82328,0,4,0,19,3,7,0
39,79256,1,4,0,12,3,1,0
32,88123,1,1,0,7,3,8,0
38,62051,0,4,1,14,4,9,0
24,81149,1,4,1,5,3,1,0
36,60321,1,2,0,17,1,1,0
43,40084,1,4,1,20,3,1,0
45,73877,1,4,0,20,3,9,0
41,78226,2,2,0,15,2,1,0
48,96842,0,2,1,18,3,8,1
53,105951,1,3,0,18,3,3,0
54,67887,1,3,0,10,2,3,1
31,46748,0,1,0,1,3,17,1
36,106102,1,2,0,2,4,30,0
22,90883,1,3,1,3,2,4,1
31,45712,0,3,1,8,1,6,0
43,104451,0,2,0,3,1,2,0
30,70040,2,1,0,3,2,10,0
34,97040,1,3,1,9,3,1,0
37,80719,2,1,1,16,2,4,1
48,53768,1,4,1,11,2,6,0
41,59519,0,1,0,18,2,3,0
38,79244,1,3,1,6,2,9,0
46,116379,1,3,0,11,2,16,0
33,88355,1,2,0,12,4,3,0
51,96228,1,3,0,2,2,12,0
46,65088,1,3,0,11,2,8,0
46,114519,1,4,0,15,2,9,0
36,80324,1,2,0,6,3,2,0
49,96829,1,3,1,2,4,4,0
48,109189,2,3,0,7,3,9,0
41,119466,1,2,0,5,4,3,0
41,120211,1,4,0,2,2,25,0
42,91124,1,4,0,1,2,17,1
41,121383,1,2,0,15,4,6,0
33,38929,1,4,1,8,3,1,0
30,95946,1,1,0,1,3,5,0
47,74165,1,4,0,9,2,6,0
40,62262,1,3,0,10,3,9,0
41,46939,1,1,0,6,3,1,1
20,76551,1,4,1,1,1,2,0
39,69161,1,3,1,19,3,9,0
29,114476,0,3,0,3,3,3,0
34,55138,1,3,1,6,2,6,1
47,78336,1,3,1,3,3,1,1
35,97571,1,1,1,3,3,11,1
29,105717,1,4,0,10,2,5,0
27,81887,1,4,1,5,3,3,1
51,86490,0,2,1,5,1,3,0
49,91384,1,3,0,4,3,1,0
32,99574,1,3,0,2,3,9,0
35,88242,0,4,0,9,3,24,0
34,69576,2,3,0,8,3,4,0
52,104281,1,2,1,5,3,1,0
39,103744,1,3,0,1,3,9,0
43,99787,1,3,0,16,3,1,0
41,85061,0,2,0,6,4,3,0
42,116111,1,4,0,7,3,6,0
43,85104,1,4,1,10,3,1,1
36,115903,1,1,1,9,3,20,0
32,59772,1,3,1,9,2,3,0
24,75559,1,4,0,4,1,7,0
23,86216,1,4,0,2,4,12,0
41,109630,1,2,1,18,3,13,0
38,82303,0,1,0,18,4,1,0
35,74252,1,3,0,11,2,7,0
32,97674,1,4,1,1,3,2,0
34,74635,2,2,1,7,3,18,1
18,77113,1,4,0,1,2,4,1
54,97208,0,3,0,16,3,17,0
42,83975,0,3,0,20,3,2,0
38,83801,1,3,0,11,4,2,0
36,99358,0,4,0,11,3,3,0
39,84932,2,3,0,6,3,2,0
35,99820,1,3,1,7,2,1,0
33,89137,0,1,0,10,3,2,0
36,81166,0,1,1,5,2,8,1
28,74561,1,1,1,2,3,9,1
42,97674,1,4,1,2,3,1,0
49,65686,1,4,0,2,3,21,1
31,87013,1,2,0,2,4,2,1
37,97663,1,4,0,6,3,1,0
20,87099,1,2,1,1,4,6,1
32,57575,0,3,1,1,4,6,1
26,99644,0,3,1,5,4,20,0
30,66233,1,4,0,3,2,4,0
49,82823,1,3,1,5,1,1,1
25,78905,2,1,0,1,3,8,1
34,67799,1,3,0,11,3,1,0
47,54300,0,4,1,19,2,15,0
36,77967,0,1,1,13,4,6,0
34,113418,0,3,0,5,3,6,0
44,42121,1,3,0,18,1,11,1
25,81978,2,4,1,2,2,20,0
46,84595,0,3,0,16,3,19,0
47,84982,0,2,1,5,2,20,1
34,50620,2,3,1,5,2,5,1
36,77102,2,3,0,15,1,15,1
42,83748,0,3,0,19,3,6,0
51,65132,0,2,1,8,2,2,0
18,60092,0,1,0,1,2,6,1
30,92549,1,1,1,11,2,11,0
41,89578,1,4,1,14,1,6,0
18,108550,1,3,0,1,2,7,1
34,79348,2,2,1,12,2,8,1
25,82199,1,3,0,1,3,3,0
41,87427,0,4,0,2,4,1,0
42,76331,2,4,1,15,3,13,0
29,76316,1,1,0,10,3,3,0
43,67222,1,4,0,15,2,9,0
21,50898,0,2,0,1,4,11,0
20,79506,1,3,0,1,2,1,0
28,61479,1,2,1,1,1,2,1
26,49158,0,4,1,4,4,1,0
35,112127,1,2,1,10,2,9,0
37,101666,2,4,0,2,3,7,0
43,75018,1,1,1,16,2,1,0
34,102019,1,4,0,9,4,6,0
25,112819,1,4,1,5,4,2,0
38,108532,0,3,1,19,3,2,0
37,60504,0,3,1,13,3,1,0
24,78638,1,4,1,4,1,16,1
26,69302,1,2,1,2,3,5,0
37,79563,2,4,0,6,3,16,0
34,81562,1,2,1,9,3,8,1
46,78839,1,2,1,3,2,13,1
36,81762,0,4,1,4,1,3,1
19,105564,0,3,1,1,2,1,0
38,79403,1,3,0,10,3,5,0
31,85078,1,1,0,4,3,2,1
35,127600,1,1,1,11,3,6,0
51,66647,1,3,1,2,2,6,1
30,106019,1,4,1,4,3,22,1
34,80515,1,4,1,1,3,3,0
29,71926,1,1,0,8,2,2,1
40,105975,1,2,0,19,3,11,0
43,90817,0,3,0,14,3,2,1
33,89144,1,4,0,1,3,20,0
36,45275,0,1,0,16,2,1,1
35,61473,1,1,0,7,3,1,0
31,88430,1,2,0,5,4,14,0
49,117241,2,1,1,20,2,6,0
31,69451,2,3,1,4,2,6,1
31,77224,1,3,0,4,3,7,0
32,62306,0,3,0,12,3,3,1
45,54219,0,2,0,15,4,30,0
35,75987,1,3,1,14,3,7,1
24,72885,0,4,1,4,4,4,1
28,80754,1,1,0,4,4,4,0
41,105259,1,4,0,4,2,1,0
39,83453,1,1,1,20,4,1,1
41,87819,1,1,0,4,3,2,1
42,91113,1,3,1,16,3,30,0
41,78328,2,3,1,10,3,12,0
25,128080,1,2,0,1,4,16,0
40,60329,1,4,0,15,3,2,0
32,98817,1,4,0,9,2,16,0
30,59089,1,2,0,4,4,1,0
43,64618,1,3,1,19,2,1,0
31,64255,1,2,0,10,4,7,1
23,75121,2,4,0,4,3,5,1
38,90159,1,1,1,4,3,1,0
45,70922,1,4,0,18,2,23,0
50,87371,1,1,0,11,3,1,0
39,89269,0,3,0,3,3,6,0
30,108473,0,3,1,6,2,15,1
26,102215,1,4,0,7,3,18,0
37,110691,0,2,1,5,4,1,1
36,99669,0,2,1,8,4,2,0
33,105966,1,3,0,2,3,2,0
29,99879,0,3,0,3,3,9,0
35,59292,0,1,1,3,4,1,1
46,75158,1,3,0,16,4,1,0
36,65171,1,2,0,7,3,3,0
27,84190,0,4,0,5,2,3,1
42,64878,0,1,1,5,4,1,0
48,98784,0,4,0,11,4,1,0
52,43127,1,4,0,4,3,1,0
29,104614,1,3,0,4,3,1,0
32,34078,0,3,1,4,4,15,0
56,76796,1,3,0,6,4,1,0
21,79588,0,3,1,2,2,9,1
44,110596,1,4,1,15,4,1,0
23,111403,0,3,0,1,2,1,0
45,79869,0,3,0,16,2,1,0
39,88755,1,2,0,7,3,1,0
18,69831,1,3,1,1,3,1,0
41,58083,1,2,0,16,3,1,0
43,87757,1,1,0,7,3,3,0
32,102140,1,3,0,1,3,8,0
34,69383,1,3,1,10,3,2,1
32,118689,1,1,1,7,2,2,1
31,54514,0,3,1,6,2,1,0
32,93653,1,3,0,10,1,1,0
34,88991,1,4,1,12,2,24,0
28,97098,1,2,1,3,3,3,0
25,125998,2,3,1,3,1,2,1
37,104603,1,2,0,13,2,10,0
36,83807,1,1,0,14,4,10,0
33,115929,1,4,0,10,2,5,0
47,100184,2,4,0,20,3,11,0
52,73936,0,4,1,5,3,1,1
34,68096,1,4,1,9,3,8,0
41,80540,1,1,0,12,4,11,0
36,87914,1,4,1,8,2,14,0
49,90279,0,2,1,18,3,12,0
45,79074,1,4,1,14,3,5,0
32,55273,1,3,1,11,2,3,1
30,86549,1,3,1,10,3,3,1
45,108189,1,2,0,18,2,9,0
50,73747,1,2,1,17,3,2,0
43,84778,0,4,1,7,3,1,0
39,61776,0,3,1,15,4,1,0
39,81695,1,1,0,3,3,13,0
37,82147,2,2,0,2,3,13,1
46,125955,1,3,0,3,1,12,0
47,94978,1,4,1,3,3,8,0
48,92955,1,3,1,6,4,8,0
44,94884,1,3,0,9,2,5,0
30,79128,1,3,0,3,2,5,0
30,52835,0,3,0,4,2,2,0
35,46032,1,3,1,9,3,1,1
31,108470,1,4,0,4,2,1,0
38,66096,0,3,1,8,4,30,0
24,83233,1,4,0,4,1,8,1
35,89678,1,3,1,7,3,2,1
53,83766,2,3,0,5,3,4,0
25,99399,0,3,1,4,3,1,1
27,59777,0,3,1,4,4,6,1
40,85910,0,4,0,5,4,2,1
41,77324,0,1,0,18,2,30,0
37,110328,1,1,1,17,2,1,1
35,87979,2,3,1,14,3,1,0
49,104494,1,2,0,18,4,13,0
36,97308,1,1,0,13,2,2,1
31,71180,1,3,1,2,2,2,1
27,79055,0,1,0,6,3,2,0
22,104481,0,2,1,1,3,2,0
44,43357,1,2,1,9,2,11,0
48,74922,1,3,1,19,2,8,0
38,88073,0,1,0,7,2,1,0
24,65867,1,3,0,3,2,11,0
30,70363,0,1,1,6,1,2,1
32,75219,1,2,0,12,3,16,0
43,64460,1,2,1,2,2,3,0
38,77021,0,3,0,14,4,2,0
35,86698,0,4,0,5,2,14,0
36,113591,1,2,1,3,3,8,0
47,105154,1,2,0,15,2,4,0
32,90017,1,3,1,6,3,1,1
32,58831,0,2,0,10,2,6,1
43,90978,0,3,1,2,3,6,1
31,64520,0,3,1,12,2,4,1
25,69163,1,4,1,1,3,7,1
29,95381,2,3,0,1,2,12,1
39,86346,1,4,0,13,4,3,0
27,73541,1,4,0,7,3,5,0
37,83815,0,4,1,12,3,1,0
20,81646,1,1,1,1,3,10,1
53,109696,1,4,1,20,3,13,0
38,89713,1,3,0,13,1,2,0
32,85544,0,3,0,9,3,12,0
39,114220,1,2,0,18,3,16,0
29,99914,0,2,1,2,4,1,0
40,95221,1,2,0,4,3,4,0
30,96327,1,2,0,7,1,4,0
30,56295,1,4,0,8,2,7,1
26,53953,1,2,0,7,3,2,0
42,69505,0,4,1,15,2,8,0
31,99951,0,3,0,5,3,16,1
34,79015,1,3,0,8,2,1,0
47,85372,0,3,1,3,3,3,0
36,75535,1,3,0,2,3,10,0
41,90027,1,1,0,8,1,1,0
37,102428,1,2,1,14,2,1,1
46,31678,1,2,0,16,3,1,0
41,89161,2,3,0,16,2,1,0
32,97670,1,3,1,13,3,8,1
32,66733,0,2,0,12,2,27,0
32,95975,1,3,0,9,1,25,1
27,76443,1,3,0,6,3,6,1
34,58892,1,3,1,11,3,3,1
40,89456,0,3,1,18,4,6,0
35,83039,1,3,1,4,3,12,0
20,77090,1,1,1,1,2,30,1
22,105812,0,4,0,1,2,11,0
47,63717,1,3,1,20,3,3,0
24,57470,1,2,1,2,3,1,0
44,94026,0,3,0,2,2,1,0
42,130255,1,4,0,18,3,1,0
54,103538,1,3,0,2,2,9,0
44,73493,0,1,0,11,1,12,1
42,77667,1,2,1,17,3,4,0
32,78464,1,1,0,9,3,9,1
40,82143,1,1,1,11,1,7,0
46,58866,1,2,1,6,3,6,1
41,63723,0,4,0,1,3,1,0
32,117121,1,4,0,5,2,1,0
32,89343,0,3,0,5,3,8,0
53,106203,1,4,1,11,3,11,0
50,77818,1,4,1,7,4,2,0
37,97773,1,4,1,10,4,14,0
41,89970,1,3,0,13,1,1,0
40,98617,1,4,0,17,3,3,0
34,86176,0,4,1,5,2,18,0
41,70450,2,1,1,18,3,1,1
51,96218,2,3,1,1,3,27,0
36,56464,0,4,0,15,2,8,0
43,83444,1,2,0,8,3,1,0
48,87678,0,3,1,19,3,2,0
29,116841,1,4,1,2,2,5,0
49,87891,1,1,0,19,3,10,0
36,50220,0,1,1,3,1,1,0
27,74053,1,2,0,8,4,15,0
48,81208,1,4,0,15,4,15,0
53,100226,0,3,0,1,4,11,0
31,114948,1,2,1,2,1,1,0
